--
-- PostgreSQL database dump
--

-- Dumped from database version 14.1
-- Dumped by pg_dump version 14.1

SET statement_timeout = 0;
SET lock_timeout = 0;
SET idle_in_transaction_session_timeout = 0;
SET client_encoding = 'UTF8';
SET standard_conforming_strings = on;
SELECT pg_catalog.set_config('search_path', '', false);
SET check_function_bodies = false;
SET xmloption = content;
SET client_min_messages = warning;
SET row_security = off;

--
-- Data for Name: auth_group; Type: TABLE DATA; Schema: public; Owner: b11-1_user
--

COPY public.auth_group (id, name) FROM stdin;
1	grIL
2	grGD
3	grSMDA
\.


--
-- Data for Name: django_content_type; Type: TABLE DATA; Schema: public; Owner: b11-1_user
--

COPY public.django_content_type (id, app_label, model) FROM stdin;
1	admin	logentry
2	auth	permission
3	auth	group
4	auth	user
5	contenttypes	contenttype
6	sessions	session
7	b11_1	view_gd
8	b11_1	view_il
9	b11_1	view_sm_da
10	b11_1	temperaturbedingung
11	b11_1	allgemeinepositionstypengruppe
12	b11_1	uebersetzungsstatus
13	b11_1	werk_2
14	b11_1	gefahrgutkennzeichen
15	b11_1	serialnummerprofil
16	b11_1	begru
17	b11_1	werk_4
18	b11_1	materialzustandsverwaltung
19	b11_1	material
20	b11_1	sparepartclasscode
21	b11_1	rueckfuehrungscode
22	b11_1	auszeichnungsfeld
23	b11_1	werk_1
24	b11_1	basismengeneinheit
25	b11_1	vertriebsweg
26	b11_1	auspraegung
27	b11_1	sonderablauf
28	b11_1	zuteilung
29	b11_1	bewertungsklasse
30	b11_1	sparte
31	b11_1	materialart
32	b11_1	fertigungssteuerer
33	b11_1	werk_3
\.


--
-- Data for Name: auth_permission; Type: TABLE DATA; Schema: public; Owner: b11-1_user
--

COPY public.auth_permission (id, name, content_type_id, codename) FROM stdin;
1	Can add log entry	1	add_logentry
2	Can change log entry	1	change_logentry
3	Can delete log entry	1	delete_logentry
4	Can view log entry	1	view_logentry
5	Can add permission	2	add_permission
6	Can change permission	2	change_permission
7	Can delete permission	2	delete_permission
8	Can view permission	2	view_permission
9	Can add group	3	add_group
10	Can change group	3	change_group
11	Can delete group	3	delete_group
12	Can view group	3	view_group
13	Can add user	4	add_user
14	Can change user	4	change_user
15	Can delete user	4	delete_user
16	Can view user	4	view_user
17	Can add content type	5	add_contenttype
18	Can change content type	5	change_contenttype
19	Can delete content type	5	delete_contenttype
20	Can view content type	5	view_contenttype
21	Can add session	6	add_session
22	Can change session	6	change_session
23	Can delete session	6	delete_session
24	Can view session	6	view_session
25	Can add view_gd	7	add_view_gd
26	Can change view_gd	7	change_view_gd
27	Can delete view_gd	7	delete_view_gd
28	Can view view_gd	7	view_view_gd
29	Can add view_il	8	add_view_il
30	Can change view_il	8	change_view_il
31	Can delete view_il	8	delete_view_il
32	Can view view_il	8	view_view_il
33	Can add view_s m_da	9	add_view_sm_da
34	Can change view_s m_da	9	change_view_sm_da
35	Can delete view_s m_da	9	delete_view_sm_da
36	Can view view_s m_da	9	view_view_sm_da
37	Can add temperaturbedingung	10	add_temperaturbedingung
38	Can change temperaturbedingung	10	change_temperaturbedingung
39	Can delete temperaturbedingung	10	delete_temperaturbedingung
40	Can view temperaturbedingung	10	view_temperaturbedingung
41	Can add allgemeine positionstypengruppe	11	add_allgemeinepositionstypengruppe
42	Can change allgemeine positionstypengruppe	11	change_allgemeinepositionstypengruppe
43	Can delete allgemeine positionstypengruppe	11	delete_allgemeinepositionstypengruppe
44	Can view allgemeine positionstypengruppe	11	view_allgemeinepositionstypengruppe
45	Can add uebersetzungsstatus	12	add_uebersetzungsstatus
46	Can change uebersetzungsstatus	12	change_uebersetzungsstatus
47	Can delete uebersetzungsstatus	12	delete_uebersetzungsstatus
48	Can view uebersetzungsstatus	12	view_uebersetzungsstatus
49	Can add werk_2	13	add_werk_2
50	Can change werk_2	13	change_werk_2
51	Can delete werk_2	13	delete_werk_2
52	Can view werk_2	13	view_werk_2
53	Can add gefahrgutkennzeichen	14	add_gefahrgutkennzeichen
54	Can change gefahrgutkennzeichen	14	change_gefahrgutkennzeichen
55	Can delete gefahrgutkennzeichen	14	delete_gefahrgutkennzeichen
56	Can view gefahrgutkennzeichen	14	view_gefahrgutkennzeichen
57	Can add serialnummerprofil	15	add_serialnummerprofil
58	Can change serialnummerprofil	15	change_serialnummerprofil
59	Can delete serialnummerprofil	15	delete_serialnummerprofil
60	Can view serialnummerprofil	15	view_serialnummerprofil
61	Can add begru	16	add_begru
62	Can change begru	16	change_begru
63	Can delete begru	16	delete_begru
64	Can view begru	16	view_begru
65	Can add werk_4	17	add_werk_4
66	Can change werk_4	17	change_werk_4
67	Can delete werk_4	17	delete_werk_4
68	Can view werk_4	17	view_werk_4
69	Can add materialzustandsverwaltung	18	add_materialzustandsverwaltung
70	Can change materialzustandsverwaltung	18	change_materialzustandsverwaltung
71	Can delete materialzustandsverwaltung	18	delete_materialzustandsverwaltung
72	Can view materialzustandsverwaltung	18	view_materialzustandsverwaltung
73	Can add material	19	add_material
74	Can change material	19	change_material
75	Can delete material	19	delete_material
76	Can view material	19	view_material
77	Can add spare part class code	20	add_sparepartclasscode
78	Can change spare part class code	20	change_sparepartclasscode
79	Can delete spare part class code	20	delete_sparepartclasscode
80	Can view spare part class code	20	view_sparepartclasscode
81	Can add rueckfuehrungscode	21	add_rueckfuehrungscode
82	Can change rueckfuehrungscode	21	change_rueckfuehrungscode
83	Can delete rueckfuehrungscode	21	delete_rueckfuehrungscode
84	Can view rueckfuehrungscode	21	view_rueckfuehrungscode
85	Can add auszeichnungsfeld	22	add_auszeichnungsfeld
86	Can change auszeichnungsfeld	22	change_auszeichnungsfeld
87	Can delete auszeichnungsfeld	22	delete_auszeichnungsfeld
88	Can view auszeichnungsfeld	22	view_auszeichnungsfeld
89	Can add werk_1	23	add_werk_1
90	Can change werk_1	23	change_werk_1
91	Can delete werk_1	23	delete_werk_1
92	Can view werk_1	23	view_werk_1
93	Can add basismengeneinheit	24	add_basismengeneinheit
94	Can change basismengeneinheit	24	change_basismengeneinheit
95	Can delete basismengeneinheit	24	delete_basismengeneinheit
96	Can view basismengeneinheit	24	view_basismengeneinheit
97	Can add vertriebsweg	25	add_vertriebsweg
98	Can change vertriebsweg	25	change_vertriebsweg
99	Can delete vertriebsweg	25	delete_vertriebsweg
100	Can view vertriebsweg	25	view_vertriebsweg
101	Can add auspraegung	26	add_auspraegung
102	Can change auspraegung	26	change_auspraegung
103	Can delete auspraegung	26	delete_auspraegung
104	Can view auspraegung	26	view_auspraegung
105	Can add sonderablauf	27	add_sonderablauf
106	Can change sonderablauf	27	change_sonderablauf
107	Can delete sonderablauf	27	delete_sonderablauf
108	Can view sonderablauf	27	view_sonderablauf
109	Can add zuteilung	28	add_zuteilung
110	Can change zuteilung	28	change_zuteilung
111	Can delete zuteilung	28	delete_zuteilung
112	Can view zuteilung	28	view_zuteilung
113	Can add bewertungsklasse	29	add_bewertungsklasse
114	Can change bewertungsklasse	29	change_bewertungsklasse
115	Can delete bewertungsklasse	29	delete_bewertungsklasse
116	Can view bewertungsklasse	29	view_bewertungsklasse
117	Can add sparte	30	add_sparte
118	Can change sparte	30	change_sparte
119	Can delete sparte	30	delete_sparte
120	Can view sparte	30	view_sparte
121	Can add materialart	31	add_materialart
122	Can change materialart	31	change_materialart
123	Can delete materialart	31	delete_materialart
124	Can view materialart	31	view_materialart
125	Can add fertigungssteuerer	32	add_fertigungssteuerer
126	Can change fertigungssteuerer	32	change_fertigungssteuerer
127	Can delete fertigungssteuerer	32	delete_fertigungssteuerer
128	Can view fertigungssteuerer	32	view_fertigungssteuerer
129	Can add werk_3	33	add_werk_3
130	Can change werk_3	33	change_werk_3
131	Can delete werk_3	33	delete_werk_3
132	Can view werk_3	33	view_werk_3
\.


--
-- Data for Name: auth_group_permissions; Type: TABLE DATA; Schema: public; Owner: b11-1_user
--

COPY public.auth_group_permissions (id, group_id, permission_id) FROM stdin;
\.


--
-- Data for Name: auth_user; Type: TABLE DATA; Schema: public; Owner: b11-1_user
--

COPY public.auth_user (id, password, last_login, is_superuser, username, first_name, last_name, email, is_staff, is_active, date_joined) FROM stdin;
1	pbkdf2_sha256$720000$Drk81ampJsId02wg70YKYo$mhxHlGOu8JSYtTY8KSk7i7YDkOnqFBQfnqJ2QUsFZb0=	2024-06-26 20:04:12.427+02	t	yann				t	t	2024-06-26 19:04:56.755+02
2	pbkdf2_sha256$720000$OWr3VIWlzKQLkaUxLgYpzz$fKU6foVY1Jm3JbwU6XeCD7sJpn1v0kHG5lft4r80KMc=	2024-06-28 07:27:02.245+02	f	grIL_01				f	t	2024-06-26 19:24:40+02
4	pbkdf2_sha256$720000$eYQ1VX9693ecUfeI6FT1Rf$SZQmk49FI9du5Dzyxkye0Q3BEdgEMDcwJK7OwRKJT0o=	\N	f	grIL_03				f	t	2024-06-26 19:25:08+02
5	pbkdf2_sha256$720000$2Q6SWsOLmyTQk0Lu09Lgeg$T5yL0mMRxBN7Y4MUxadXr67M8kPhb9tlUYBr85Fdkis=	2024-06-26 19:45:04.401+02	f	grGD_01				f	t	2024-06-26 19:25:33+02
6	pbkdf2_sha256$720000$41qOozjnAeRLdCZaKVd7UD$jGJXtV37Tdi5j/4Oa0mlsohtvsxxIoIYXZ5tuf5M5R8=	2024-06-26 20:02:50.375+02	f	grGD_02				f	t	2024-06-26 19:25:44+02
7	pbkdf2_sha256$720000$sWuaCLxihiSPxL94OoHM03$fKTL7pp3zWg3J5PhYa2sfLg/OrGJSVbPmcdG3Co90CI=	\N	f	grGD_03				f	t	2024-06-26 19:25:54+02
8	pbkdf2_sha256$720000$TKYXCnI9JUSMKpW7wTbyqT$YUfRvQo8jvGSAAJ/HE9qRvKN29zTNCUw0MtVS7zkcg8=	\N	f	grSMDA_01				f	t	2024-06-26 20:05:01+02
9	pbkdf2_sha256$720000$nw9zWt3JJg9mjLEkgImYYQ$3OY1OYDKnoYsp2PcE5A+45ZRYypGztQxXOlMbMIwVRY=	\N	f	grSMDA_02				f	t	2024-06-26 20:05:10+02
10	pbkdf2_sha256$720000$NKqiEPN8IqTFbDdvOgvCpO$YcI3IirYEQtZ/nOvb5/gb+gTPH+qINXMr3CcHi6AFsw=	2024-06-26 20:06:19.939+02	f	grSMDA_03				f	t	2024-06-26 20:05:22+02
3	pbkdf2_sha256$720000$00A6T4sVjr09QMLE3p6jLG$DFSecz3u2TTOlqg18kjLBK6UulsenYK+PL29B+kRczY=	2024-06-28 18:30:53.090474+02	f	grIL_02				f	t	2024-06-26 19:24:55+02
\.


--
-- Data for Name: auth_user_groups; Type: TABLE DATA; Schema: public; Owner: b11-1_user
--

COPY public.auth_user_groups (id, user_id, group_id) FROM stdin;
1	2	1
2	3	1
3	4	1
4	5	2
5	6	2
6	7	2
7	8	3
8	9	3
9	10	3
\.


--
-- Data for Name: auth_user_user_permissions; Type: TABLE DATA; Schema: public; Owner: b11-1_user
--

COPY public.auth_user_user_permissions (id, user_id, permission_id) FROM stdin;
\.


--
-- Data for Name: b11_1_allgemeinepositionstypengruppe; Type: TABLE DATA; Schema: public; Owner: b11-1_user
--

COPY public.b11_1_allgemeinepositionstypengruppe (id, text) FROM stdin;
1	ALEN
2	ALES
3	BADS
4	BANC
5	BANS
6	DIEN
7	ERLA
8	ERLB
9	GG01
10	GG02
11	GG04
12	GG05
13	LEAS
14	LEER
15	LEIC
16	LEIH
17	LEIS
18	LO01
19	LO02
20	LO03
21	LO04
22	LO06
23	LO08
24	LO09
25	LO11
26	LO12
27	LO13
28	LO14
29	LO16
30	LO18
31	LO19
32	LUMB
33	LUMF
34	NLAG
35	NORM
36	PBOS
37	PRRP
38	PRSR
39	PRSV
40	SAMM
41	SCNP
42	SRVE
43	SRVM
44	SRVP
45	VCIT
46	VERP
47	VMS0
48	VOLL
49	WERT
50	WMPP
51	ZUOC
52	ZVER
\.


--
-- Data for Name: b11_1_auspraegung; Type: TABLE DATA; Schema: public; Owner: b11-1_user
--

COPY public.b11_1_auspraegung (id, text) FROM stdin;
1	01
2	02
3	03
4	04
\.


--
-- Data for Name: b11_1_auszeichnungsfeld; Type: TABLE DATA; Schema: public; Owner: b11-1_user
--

COPY public.b11_1_auszeichnungsfeld (id, text) FROM stdin;
1	N
2	R
3	A
\.


--
-- Data for Name: b11_1_basismengeneinheit; Type: TABLE DATA; Schema: public; Owner: b11-1_user
--

COPY public.b11_1_basismengeneinheit (id, text) FROM stdin;
1	ST
2	M
3	KG
4	PAA
5	L
6	LE
7	T
8	STD
9	JHR
10	GLL
11	GLI
12	TO
13	G
14	MG
15	ML
16	CM
17	MM
18	M2
19	DM2
20	CM2
21	M3
22	CDM
23	CCM
24	PT
25	OZ
26	LB
\.


--
-- Data for Name: b11_1_begru; Type: TABLE DATA; Schema: public; Owner: b11-1_user
--

COPY public.b11_1_begru (id, text) FROM stdin;
1	3000
2	4000
3	5000
4	6000
5	7000
6	8000
7	9000
\.


--
-- Data for Name: b11_1_bewertungsklasse; Type: TABLE DATA; Schema: public; Owner: b11-1_user
--

COPY public.b11_1_bewertungsklasse (id, text) FROM stdin;
1	A000
2	A100
3	M100
4	M110
5	M120
6	M130
7	M131
8	M140
9	M141
10	M150
11	M200
12	M210
13	M220
14	M230
15	M240
16	M250
17	M260
18	M290
19	M300
20	M310
21	M320
22	M330
23	M340
24	M400
25	M700
26	M710
27	M720
28	M800
29	M810
30	M900
31	M910
\.


--
-- Data for Name: b11_1_fertigungssteuerer; Type: TABLE DATA; Schema: public; Owner: b11-1_user
--

COPY public.b11_1_fertigungssteuerer (id, text) FROM stdin;
1	S04
2	T01
3	T02
4	T03
5	T04
6	T05
7	T06
8	T07
9	T08
10	T09
11	T10
12	T11
13	T12
14	T13
15	T14
16	TP3
17	TP4
18	TP5
19	TP6
20	TP7
21	U01
22	U02
23	U03
24	U04
25	U05
26	U06
27	U07
28	U08
29	U09
30	URD
31	T15
32	T16
33	T17
34	T18
35	T8A
36	TP1
37	TP2
38	TW1
\.


--
-- Data for Name: b11_1_gefahrgutkennzeichen; Type: TABLE DATA; Schema: public; Owner: b11-1_user
--

COPY public.b11_1_gefahrgutkennzeichen (id, text) FROM stdin;
1	V01
2	V02
3	V03
\.


--
-- Data for Name: b11_1_materialart; Type: TABLE DATA; Schema: public; Owner: b11-1_user
--

COPY public.b11_1_materialart (id, text) FROM stdin;
1	V001
2	V002
3	V003
4	V005
5	V006
6	V007
7	V008
8	V009
9	V010
10	V011
11	V012
12	V013
13	V014
14	V015
15	V016
16	V017
17	V099
\.


--
-- Data for Name: b11_1_materialzustandsverwaltung; Type: TABLE DATA; Schema: public; Owner: b11-1_user
--

COPY public.b11_1_materialzustandsverwaltung (id, text) FROM stdin;
1	1
2	2
\.


--
-- Data for Name: b11_1_rueckfuehrungscode; Type: TABLE DATA; Schema: public; Owner: b11-1_user
--

COPY public.b11_1_rueckfuehrungscode (id, text) FROM stdin;
1	R
2	N
3	V
\.


--
-- Data for Name: b11_1_serialnummerprofil; Type: TABLE DATA; Schema: public; Owner: b11-1_user
--

COPY public.b11_1_serialnummerprofil (id, text) FROM stdin;
1	ZM01
2	ZM02
3	ZM03
4	ZM05
\.


--
-- Data for Name: b11_1_sonderablauf; Type: TABLE DATA; Schema: public; Owner: b11-1_user
--

COPY public.b11_1_sonderablauf (id, text) FROM stdin;
1	M
2	N
\.


--
-- Data for Name: b11_1_sparepartclasscode; Type: TABLE DATA; Schema: public; Owner: b11-1_user
--

COPY public.b11_1_sparepartclasscode (id, text) FROM stdin;
1	0
2	1
3	2
4	6
\.


--
-- Data for Name: b11_1_sparte; Type: TABLE DATA; Schema: public; Owner: b11-1_user
--

COPY public.b11_1_sparte (id, text) FROM stdin;
1	V0
2	V1
3	V2
4	V3
5	V4
6	V5
7	V6
8	V7
9	V8
\.


--
-- Data for Name: b11_1_temperaturbedingung; Type: TABLE DATA; Schema: public; Owner: b11-1_user
--

COPY public.b11_1_temperaturbedingung (id, text) FROM stdin;
1	00
2	01
3	02
4	03
5	04
\.


--
-- Data for Name: b11_1_uebersetzungsstatus; Type: TABLE DATA; Schema: public; Owner: b11-1_user
--

COPY public.b11_1_uebersetzungsstatus (id, text) FROM stdin;
1	P
2	U
3	N
\.


--
-- Data for Name: b11_1_vertriebsweg; Type: TABLE DATA; Schema: public; Owner: b11-1_user
--

COPY public.b11_1_vertriebsweg (id, text) FROM stdin;
1	A1
2	A2
3	A3
4	A4
5	A5
6	A6
7	I1
8	M1
9	MP
10	O1
11	P1
12	S1
13	S2
14	S3
15	S4
16	S5
17	S7
18	S8
19	S9
20	SM
21	T1
22	TA
23	TB
24	TC
25	TD
26	TE
27	TL
28	TM
29	TO
30	TQ
31	TV
32	TZ
33	U1
34	U2
35	V0
\.


--
-- Data for Name: b11_1_werk_1; Type: TABLE DATA; Schema: public; Owner: b11-1_user
--

COPY public.b11_1_werk_1 (id, text) FROM stdin;
1	0420
2	0430
3	0440
4	0800
\.


--
-- Data for Name: b11_1_werk_2; Type: TABLE DATA; Schema: public; Owner: b11-1_user
--

COPY public.b11_1_werk_2 (id, text) FROM stdin;
1	0420
2	0430
3	0440
4	0800
\.


--
-- Data for Name: b11_1_werk_3; Type: TABLE DATA; Schema: public; Owner: b11-1_user
--

COPY public.b11_1_werk_3 (id, text) FROM stdin;
1	0420
2	0430
3	0440
4	0800
\.


--
-- Data for Name: b11_1_werk_4; Type: TABLE DATA; Schema: public; Owner: b11-1_user
--

COPY public.b11_1_werk_4 (id, text) FROM stdin;
1	0420
2	0430
3	0440
4	0800
\.


--
-- Data for Name: b11_1_zuteilung; Type: TABLE DATA; Schema: public; Owner: b11-1_user
--

COPY public.b11_1_zuteilung (id, text) FROM stdin;
1	BM
2	TRP
3	MKZ
4	PRD
\.


--
-- Data for Name: b11_1_material; Type: TABLE DATA; Schema: public; Owner: b11-1_user
--

COPY public.b11_1_material (id, positions_nr, kurztext_de, kurztext_fr, kurztext_en, grunddatentext_de_1_zeile, grunddatentext_de_2_zeile, grunddatentext_fr_1_zeile, grunddatentext_fr_2_zeile, grunddatentext_en_1_zeile, grunddatentext_en_2_zeile, gewichtseinheit, nettogewicht, groesse_abmessung, ean_upc_code, nato_stock_number, nsn_gruppe_klasse, nato_versorgungs_nr, herstellerteilenummer, normbezeichnung, bruttogewicht, instandsetzbar, chargenpflicht, bestellmengeneinheit, mindestbestellmenge, lieferzeit, einheit_l_b_h, laenge, breite, hoehe, preis, waehrung, preiseinheit, lagerfaehigkeit, exportkontrollauflage, cage_code, hersteller_name, hersteller_adresse, hersteller_plz, hersteller_ort, revision, bemerkung, produkthierarchie, hersteller_nr_gp, warengruppe, endbevorratet, revision_fremd, revision_eigen, zertifiziert_fuer_flug, a_nummer, verteilung_an_psd, verteilung_an_ruag, verkaufsorg, fuehrendes_material, kennzeichen_komplexes_system, cpv_code, systemmanager, kennziffer_bamf, mietrelevanz, next_higher_assembly, nachschubklasse, verteilung_apm_kerda, verteilung_svsaa, verteilung_cheops, allgemeine_positionstypengruppe_id, auspraegung_id, auszeichnungsfeld_id, basismengeneinheit_id, begru_id, bewertungsklasse_id, fertigungssteuerer_id, gefahrgutkennzeichen_id, materialart_grunddaten_id, materialzustandsverwaltung_id, rueckfuehrungscode_id, serialnummerprofil_id, sonderablauf_id, spare_part_class_code_id, sparte_id, temperaturbedingung_id, uebersetzungsstatus_id, vertriebsweg_id, werk_1_id, werk_2_id, werk_3_id, werk_4_id, zuteilung_id) FROM stdin;
1	94	sVy7P	FlEwK	JbnwJ	Zqyo7	pYXPL	LZWqZ	Ip9Yi	qJGHH	oSBpV	KG	84	75	lrY2n8RSb24gS	zALQQoDtgnPxVevQ	24	80	GJHh7dobMrcW	A266Ndf1DFG7WVe8dR	94	t	f	19	54	35	MM	11	48	42	44	CH	34	3	f	Uisvc	p1dbQfwq50jmxLp9NrwszblzfR27rUlgSa3rOWYY	Hb555MKkwvLMqWgD5FFdNp8F3r2jkvLBALzIo9bH	Cp4RJVILcEhlShWXq0ydEQR2KkjUwEgK8B1rDfzx	cvyqtrlfKuY7t3GdE7XgXh8XEEnlVuBQ8cxh70Hs	NhMQ7is91cYqQt4nn0wJTMRmXLKT1a	yPx3dxqO5dr6sFy633oQEOCbg5gnHvhGBuImZkd8	Zq7c	MPgJ7DcA5X	9UZG2QWoH	P2SFZ	iVp4xxcgbR	F6keCVAtEo	f	ISHVmB8yAR	t	t	M100		t	09221000-4	cTnn4Mg9QT	55G	t	lFuvOwMv66	4hGmNkEdyn	t	f	t	45	4	1	8	6	25	6	3	17	2	2	3	1	4	5	1	3	19	1	4	4	4	2
2	99	nJB8t	HwpKd	pV9rH	SgGSw	Li6A1	Wak3H	492kO	vt389	zuwDo	KG	93	53	HRFRa4sbHdt3g	2qIYiCJcV8wcodiR	91	56	ueoojbRINqRk	kZJupeGHooto3GEYIR	92	t	t	39	28	13	MM	67	71	13	53	CH	42	55	t	xVrQ2	em34Eo42suJTv4mwmXIQ562t6jHNDyXLjygavY4T	edb0Mm46qTpU64I035WuUm8mmGEzsdWTuXE5cgxF	LLsZ1UoyAqUZLKxNWdoiPhmuSe7Uy3eCvphrnDj8	2T5jxPTlGW66AhFhxJgBKxWgSRETuOILLhsNSJOu	n2B1KhTEqMiXmSfdmj2lcfirq9kilS	n1mVK5kMVVswUNdgF7wTaWeRbqETPeSHLYO3Fje6	mLyJ	A5ac8QBWwE	Ph6DYl1el	q4hGF	3w7uQzrxUJ	GnVxOco9RC	t	KYhoRXrGa2	t	t	M100		t	09221000-4	1q52mpkr1d	55G	t	CK56kXA84c	wqEKNtEwsm	t	t	f	38	1	3	21	3	16	14	3	12	2	2	3	2	4	1	5	3	29	2	3	2	3	4
3	43	ttTnC	EW3nk	CIMIm	OihYC	o6T9d	98r49	XlGaP	95oyl	FfSvE	KG	3	24	GFvTqtmeIO44p	U1TSqUrAe9OUm4ah	65	86	cMY2kgYmY6Xu	UlQTRaJbQL79N22fUh	44	t	f	35	1	87	MM	66	76	20	52	CH	57	30	f	rstOr	mOdeKxcat6Z9w4Br6iiLQeUPFkD4iMGoGOV91ZCL	KPjqm7k21BPgixHIAb85iv3PIaVZk8Sa4OaWSUhK	8R5IaUJ4XJwRjM6HLQXPuviRVPtLIx8ukqEKFjlw	bQkibCk5hqvBUAuggVQc9HQByW5uLwdHeDNdcCNk	ezwFBIhu8c8yfVb1MEMD3VrfoqkjrT	vCx2qieucfSNeC3hPTamyqfyPhfgJ7LzuqedSAbd	I6CN	wJPqwkLKKJ	8NxBHt7ho	smXKg	EKhOiXG3rn	U9JgCrUni5	t	lPLxYY6jEW	f	t	M100		t	09221000-4	Ubbiqq7fIg	55G	f	Odxy215XDy	mKonr7Ah2n	t	f	f	15	2	3	5	7	21	5	1	11	1	3	1	2	1	1	4	1	16	3	1	1	3	1
4	33	DRobf	UV9Hb	QTErj	kxbG9	GnoBQ	3FkcM	hSsE4	uDEsv	qNtRt	KG	60	66	6Ud9DLWQdpwKv	HHDMmkgAL5qanXdP	2	2	iqeLJ2BklsAO	tQniHSbETDTFOA2cul	38	f	f	26	5	97	MM	85	35	46	52	CH	38	73	t	91hQ2	Wn3cNtgtlqTRqlFESNcZPX61wxpfJYK3WH3exkol	c9Dp4E1G8RKlsohjf1DUcmvSjyQFnqrvy3cecFjK	YIM2sjPmitVCxDPQLxUsq76mr23vpe9T2bf7oZru	ZATqkhfGV8wJjtMEyyVdOmNfWT6JoyeoWB67UdaD	YVvI2pEDht6MLi9ACdeiIUb3zCfdcF	jIPZEaU4HFKgCUNspjXycAAGkJEz1KqXIL77e1Hm	8RjU	QfwIkjjmZN	olANYEdol	xXwb1	emy0qU3LcU	jzX6YJMmve	f	D4D9kmiWmS	t	f	M100		t	09221000-4	sls6mDHNwA	55G	t	0X32ReZNsy	cNKJqEjx7s	t	t	t	21	3	2	6	6	13	3	2	15	2	2	4	2	1	9	1	3	34	1	2	3	4	4
5	33	rKRPr	jhqvP	AreIq	YPFuj	kYmMG	NhkHC	rF3PT	bv5j1	ZYE7e	KG	96	4	6D4OGQQoUHbk4	rCmb9hvppaMfhVws	6	82	Kwxm2vVbzOA2	oLFiTbd56QqarH2R9f	95	t	t	66	23	98	MM	2	12	60	82	CH	46	96	t	igV0p	RV3TkN3J2bhQiJ4jBy3jxaMefRBgb4stSYe3p2me	biJ9RDHlMP73ik1e5LYgmBMt6dpHTHO4BAiKItT4	8ZTKfSOkHb8maArp9DXXmegGu0ICewBvuBtcE5ur	Q2LNre5k8jUhw3ZFa6iTyDiCsg34hM2u9D2q6Nt3	gLZ3GGQ2hHDXLb1qjc47QSjvlPylaZ	LDAGgEHEkgika8ZutlFc7lIlNcv8PjRvIryK4iz2	UAOI	Q7BMAdX5Eo	Vwa2af8ji	L4OEC	v8AaZHOoBo	kE0uBcFwkk	t	eODhAFwni2	t	t	M100		f	09221000-4	WABbjgVaQy	55G	f	0xwvrYxnZQ	15Hf9pkA30	t	f	f	44	4	1	17	6	17	36	2	16	2	3	1	1	4	5	2	2	25	1	1	1	2	1
\.


--
-- Data for Name: b11_1_view_gd; Type: TABLE DATA; Schema: public; Owner: b11-1_user
--

COPY public.b11_1_view_gd (id, begru, materialart_grunddaten, sparte, produkthierarchie, materialzustandsverwaltung, rueckfuehrungscode, serialnummerprofil, spare_part_class_code, hersteller_nr_gp, warengruppe, uebersetzungsstatus, endbevorratet, revision_fremd, revision_eigen, zertifiziert_fuer_flug, a_nummer, verteilung_an_psd, verteilung_an_ruag) FROM stdin;
\.


--
-- Data for Name: b11_1_view_il; Type: TABLE DATA; Schema: public; Owner: b11-1_user
--

COPY public.b11_1_view_il (id, positions_nr, kurztext_de, kurztext_fr, kurztext_en, grunddatentext_de_1_zeile, grunddatentext_de_2_zeile, grunddatentext_fr_1_zeile, grunddatentext_fr_2_zeile, grunddatentext_en_1_zeile, grunddatentext_en_2_zeile, basismengeneinheit, bruttogewicht, gewichtseinheit, nettogewicht, groesse_abmessung, ean_upc_code, nato_stock_number, nsn_gruppe_klasse, nato_versorgungs_nr, herstellerteilenummer, normbezeichnung, gefahrgutkennzeichen, instandsetzbar, chargenpflicht, bestellmengeneinheit, mindestbestellmenge, lieferzeit, einheit_l_b_h, laenge, breite, hoehe, preis, waehrung, preiseinheit, lagerfaehigkeit, exportkontrollauflage, cage_code, hersteller_name, hersteller_adresse, hersteller_plz, hersteller_ort, revision, bemerkung) FROM stdin;
\.


--
-- Data for Name: b11_1_view_sm_da; Type: TABLE DATA; Schema: public; Owner: b11-1_user
--

COPY public.b11_1_view_sm_da (id, werk_1, werk_2, werk_3, werk_4, allgemeine_positionstypengruppe, verkaufsorg, vertriebsweg, fuehrendes_material, auszeichnungsfeld, cpv_code, fertigungssteuerer, kennzeichen_komplexes_system, sonderablauf, temperaturbedingung, bewertungsklasse, systemmanager, kennziffer_bamf, mietrelevanz, next_higher_assembly, nachschubklasse, verteilung_apm_kerda, verteilung_svsaa, verteilung_cheops, zuteilung, auspraegung) FROM stdin;
\.


--
-- Data for Name: django_admin_log; Type: TABLE DATA; Schema: public; Owner: b11-1_user
--

COPY public.django_admin_log (id, action_time, object_id, object_repr, action_flag, change_message, content_type_id, user_id) FROM stdin;
\.


--
-- Data for Name: django_migrations; Type: TABLE DATA; Schema: public; Owner: b11-1_user
--

COPY public.django_migrations (id, app, name, applied) FROM stdin;
1	contenttypes	0001_initial	2024-06-28 18:29:12.031799+02
2	auth	0001_initial	2024-06-28 18:29:12.068741+02
3	admin	0001_initial	2024-06-28 18:29:12.082124+02
4	admin	0002_logentry_remove_auto_add	2024-06-28 18:29:12.088029+02
5	admin	0003_logentry_add_action_flag_choices	2024-06-28 18:29:12.118673+02
6	contenttypes	0002_remove_content_type_name	2024-06-28 18:29:12.129281+02
7	auth	0002_alter_permission_name_max_length	2024-06-28 18:29:12.135202+02
8	auth	0003_alter_user_email_max_length	2024-06-28 18:29:12.140507+02
9	auth	0004_alter_user_username_opts	2024-06-28 18:29:12.145564+02
10	auth	0005_alter_user_last_login_null	2024-06-28 18:29:12.150958+02
11	auth	0006_require_contenttypes_0002	2024-06-28 18:29:12.151816+02
12	auth	0007_alter_validators_add_error_messages	2024-06-28 18:29:12.156714+02
13	auth	0008_alter_user_username_max_length	2024-06-28 18:29:12.166885+02
14	auth	0009_alter_user_last_name_max_length	2024-06-28 18:29:12.1723+02
15	auth	0010_alter_group_name_max_length	2024-06-28 18:29:12.177987+02
16	auth	0011_update_proxy_permissions	2024-06-28 18:29:12.183059+02
17	auth	0012_alter_user_first_name_max_length	2024-06-28 18:29:12.188409+02
18	sessions	0001_initial	2024-06-28 18:29:12.193937+02
19	b11_1	0001_initial	2024-06-28 18:29:21.867308+02
\.


--
-- Data for Name: django_session; Type: TABLE DATA; Schema: public; Owner: b11-1_user
--

COPY public.django_session (session_key, session_data, expire_date) FROM stdin;
3ligjmc4umvegde7vmquaze03jx0xzh9	.eJxVjEEOwiAQRe_C2pAppTC6dN8zkGEYpGpoUtqV8e7apAvd_vfef6lA21rC1mQJU1IX1avT7xaJH1J3kO5Ub7Pmua7LFPWu6IM2Pc5JntfD_Tso1Mq39skSUGQYemE6ZwLwDsmLBWcZ2cSOMPWI0nUuDZnFGgAnSJidNYN6fwD1fTf2:1sNEUv:2Z92-ZQdgCZqNik4jZanzJM47Di9uC3TP2LMchZOZgY	2024-07-12 18:30:53.094217+02
\.


--
-- Name: auth_group_id_seq; Type: SEQUENCE SET; Schema: public; Owner: b11-1_user
--

SELECT pg_catalog.setval('public.auth_group_id_seq', 3, true);


--
-- Name: auth_group_permissions_id_seq; Type: SEQUENCE SET; Schema: public; Owner: b11-1_user
--

SELECT pg_catalog.setval('public.auth_group_permissions_id_seq', 1, false);


--
-- Name: auth_permission_id_seq; Type: SEQUENCE SET; Schema: public; Owner: b11-1_user
--

SELECT pg_catalog.setval('public.auth_permission_id_seq', 132, true);


--
-- Name: auth_user_groups_id_seq; Type: SEQUENCE SET; Schema: public; Owner: b11-1_user
--

SELECT pg_catalog.setval('public.auth_user_groups_id_seq', 9, true);


--
-- Name: auth_user_id_seq; Type: SEQUENCE SET; Schema: public; Owner: b11-1_user
--

SELECT pg_catalog.setval('public.auth_user_id_seq', 10, true);


--
-- Name: auth_user_user_permissions_id_seq; Type: SEQUENCE SET; Schema: public; Owner: b11-1_user
--

SELECT pg_catalog.setval('public.auth_user_user_permissions_id_seq', 1, false);


--
-- Name: b11_1_allgemeinepositionstypengruppe_id_seq; Type: SEQUENCE SET; Schema: public; Owner: b11-1_user
--

SELECT pg_catalog.setval('public.b11_1_allgemeinepositionstypengruppe_id_seq', 52, true);


--
-- Name: b11_1_auspraegung_id_seq; Type: SEQUENCE SET; Schema: public; Owner: b11-1_user
--

SELECT pg_catalog.setval('public.b11_1_auspraegung_id_seq', 4, true);


--
-- Name: b11_1_auszeichnungsfeld_id_seq; Type: SEQUENCE SET; Schema: public; Owner: b11-1_user
--

SELECT pg_catalog.setval('public.b11_1_auszeichnungsfeld_id_seq', 3, true);


--
-- Name: b11_1_basismengeneinheit_id_seq; Type: SEQUENCE SET; Schema: public; Owner: b11-1_user
--

SELECT pg_catalog.setval('public.b11_1_basismengeneinheit_id_seq', 26, true);


--
-- Name: b11_1_begru_id_seq; Type: SEQUENCE SET; Schema: public; Owner: b11-1_user
--

SELECT pg_catalog.setval('public.b11_1_begru_id_seq', 7, true);


--
-- Name: b11_1_bewertungsklasse_id_seq; Type: SEQUENCE SET; Schema: public; Owner: b11-1_user
--

SELECT pg_catalog.setval('public.b11_1_bewertungsklasse_id_seq', 31, true);


--
-- Name: b11_1_fertigungssteuerer_id_seq; Type: SEQUENCE SET; Schema: public; Owner: b11-1_user
--

SELECT pg_catalog.setval('public.b11_1_fertigungssteuerer_id_seq', 38, true);


--
-- Name: b11_1_gefahrgutkennzeichen_id_seq; Type: SEQUENCE SET; Schema: public; Owner: b11-1_user
--

SELECT pg_catalog.setval('public.b11_1_gefahrgutkennzeichen_id_seq', 3, true);


--
-- Name: b11_1_material_id_seq; Type: SEQUENCE SET; Schema: public; Owner: b11-1_user
--

SELECT pg_catalog.setval('public.b11_1_material_id_seq', 5, true);


--
-- Name: b11_1_materialart_id_seq; Type: SEQUENCE SET; Schema: public; Owner: b11-1_user
--

SELECT pg_catalog.setval('public.b11_1_materialart_id_seq', 17, true);


--
-- Name: b11_1_materialzustandsverwaltung_id_seq; Type: SEQUENCE SET; Schema: public; Owner: b11-1_user
--

SELECT pg_catalog.setval('public.b11_1_materialzustandsverwaltung_id_seq', 2, true);


--
-- Name: b11_1_rueckfuehrungscode_id_seq; Type: SEQUENCE SET; Schema: public; Owner: b11-1_user
--

SELECT pg_catalog.setval('public.b11_1_rueckfuehrungscode_id_seq', 3, true);


--
-- Name: b11_1_serialnummerprofil_id_seq; Type: SEQUENCE SET; Schema: public; Owner: b11-1_user
--

SELECT pg_catalog.setval('public.b11_1_serialnummerprofil_id_seq', 4, true);


--
-- Name: b11_1_sonderablauf_id_seq; Type: SEQUENCE SET; Schema: public; Owner: b11-1_user
--

SELECT pg_catalog.setval('public.b11_1_sonderablauf_id_seq', 2, true);


--
-- Name: b11_1_sparepartclasscode_id_seq; Type: SEQUENCE SET; Schema: public; Owner: b11-1_user
--

SELECT pg_catalog.setval('public.b11_1_sparepartclasscode_id_seq', 4, true);


--
-- Name: b11_1_sparte_id_seq; Type: SEQUENCE SET; Schema: public; Owner: b11-1_user
--

SELECT pg_catalog.setval('public.b11_1_sparte_id_seq', 9, true);


--
-- Name: b11_1_temperaturbedingung_id_seq; Type: SEQUENCE SET; Schema: public; Owner: b11-1_user
--

SELECT pg_catalog.setval('public.b11_1_temperaturbedingung_id_seq', 5, true);


--
-- Name: b11_1_uebersetzungsstatus_id_seq; Type: SEQUENCE SET; Schema: public; Owner: b11-1_user
--

SELECT pg_catalog.setval('public.b11_1_uebersetzungsstatus_id_seq', 3, true);


--
-- Name: b11_1_vertriebsweg_id_seq; Type: SEQUENCE SET; Schema: public; Owner: b11-1_user
--

SELECT pg_catalog.setval('public.b11_1_vertriebsweg_id_seq', 35, true);


--
-- Name: b11_1_view_gd_id_seq; Type: SEQUENCE SET; Schema: public; Owner: b11-1_user
--

SELECT pg_catalog.setval('public.b11_1_view_gd_id_seq', 1, false);


--
-- Name: b11_1_view_il_id_seq; Type: SEQUENCE SET; Schema: public; Owner: b11-1_user
--

SELECT pg_catalog.setval('public.b11_1_view_il_id_seq', 1, false);


--
-- Name: b11_1_view_sm_da_id_seq; Type: SEQUENCE SET; Schema: public; Owner: b11-1_user
--

SELECT pg_catalog.setval('public.b11_1_view_sm_da_id_seq', 1, false);


--
-- Name: b11_1_werk_1_id_seq; Type: SEQUENCE SET; Schema: public; Owner: b11-1_user
--

SELECT pg_catalog.setval('public.b11_1_werk_1_id_seq', 4, true);


--
-- Name: b11_1_werk_2_id_seq; Type: SEQUENCE SET; Schema: public; Owner: b11-1_user
--

SELECT pg_catalog.setval('public.b11_1_werk_2_id_seq', 4, true);


--
-- Name: b11_1_werk_3_id_seq; Type: SEQUENCE SET; Schema: public; Owner: b11-1_user
--

SELECT pg_catalog.setval('public.b11_1_werk_3_id_seq', 4, true);


--
-- Name: b11_1_werk_4_id_seq; Type: SEQUENCE SET; Schema: public; Owner: b11-1_user
--

SELECT pg_catalog.setval('public.b11_1_werk_4_id_seq', 4, true);


--
-- Name: b11_1_zuteilung_id_seq; Type: SEQUENCE SET; Schema: public; Owner: b11-1_user
--

SELECT pg_catalog.setval('public.b11_1_zuteilung_id_seq', 4, true);


--
-- Name: django_admin_log_id_seq; Type: SEQUENCE SET; Schema: public; Owner: b11-1_user
--

SELECT pg_catalog.setval('public.django_admin_log_id_seq', 1, false);


--
-- Name: django_content_type_id_seq; Type: SEQUENCE SET; Schema: public; Owner: b11-1_user
--

SELECT pg_catalog.setval('public.django_content_type_id_seq', 33, true);


--
-- Name: django_migrations_id_seq; Type: SEQUENCE SET; Schema: public; Owner: b11-1_user
--

SELECT pg_catalog.setval('public.django_migrations_id_seq', 19, true);


--
-- PostgreSQL database dump complete
--

