--
-- PostgreSQL database dump
--

-- Dumped from database version 14.1
-- Dumped by pg_dump version 14.1

SET statement_timeout = 0;
SET lock_timeout = 0;
SET idle_in_transaction_session_timeout = 0;
SET client_encoding = 'UTF8';
SET standard_conforming_strings = on;
SELECT pg_catalog.set_config('search_path', '', false);
SET check_function_bodies = false;
SET xmloption = content;
SET client_min_messages = warning;
SET row_security = off;

--
-- Name: random_between(integer, integer); Type: FUNCTION; Schema: public; Owner: postgres
--

CREATE FUNCTION public.random_between(low integer, high integer) RETURNS integer
    LANGUAGE plpgsql STRICT
    AS $$
BEGIN
   RETURN floor(random()* (high-low + 1) + low);
END;
$$;


ALTER FUNCTION public.random_between(low integer, high integer) OWNER TO postgres;

--
-- Name: random_string(integer); Type: FUNCTION; Schema: public; Owner: postgres
--

CREATE FUNCTION public.random_string(length integer) RETURNS text
    LANGUAGE plpgsql
    AS $$
declare
  chars text[] := '{0,1,2,3,4,5,6,7,8,9,A,B,C,D,E,F,G,H,I,J,K,L,M,N,O,P,Q,R,S,T,U,V,W,X,Y,Z,a,b,c,d,e,f,g,h,i,j,k,l,m,n,o,p,q,r,s,t,u,v,w,x,y,z}';
  result text := '';
  i integer := 0;
begin
  if length < 0 then
    raise exception 'Given length cannot be less than 0';
  end if;
  for i in 1..length loop
    result := result || chars[1+random()*(array_length(chars, 1)-1)];
  end loop;
  return result;
end;
$$;


ALTER FUNCTION public.random_string(length integer) OWNER TO postgres;

SET default_tablespace = '';

SET default_table_access_method = heap;

--
-- Name: auth_group; Type: TABLE; Schema: public; Owner: b11-1_user
--

CREATE TABLE public.auth_group (
    id integer NOT NULL,
    name character varying(150) NOT NULL
);


ALTER TABLE public.auth_group OWNER TO "b11-1_user";

--
-- Name: auth_group_id_seq; Type: SEQUENCE; Schema: public; Owner: b11-1_user
--

ALTER TABLE public.auth_group ALTER COLUMN id ADD GENERATED BY DEFAULT AS IDENTITY (
    SEQUENCE NAME public.auth_group_id_seq
    START WITH 1
    INCREMENT BY 1
    NO MINVALUE
    NO MAXVALUE
    CACHE 1
);


--
-- Name: auth_group_permissions; Type: TABLE; Schema: public; Owner: b11-1_user
--

CREATE TABLE public.auth_group_permissions (
    id bigint NOT NULL,
    group_id integer NOT NULL,
    permission_id integer NOT NULL
);


ALTER TABLE public.auth_group_permissions OWNER TO "b11-1_user";

--
-- Name: auth_group_permissions_id_seq; Type: SEQUENCE; Schema: public; Owner: b11-1_user
--

ALTER TABLE public.auth_group_permissions ALTER COLUMN id ADD GENERATED BY DEFAULT AS IDENTITY (
    SEQUENCE NAME public.auth_group_permissions_id_seq
    START WITH 1
    INCREMENT BY 1
    NO MINVALUE
    NO MAXVALUE
    CACHE 1
);


--
-- Name: auth_permission; Type: TABLE; Schema: public; Owner: b11-1_user
--

CREATE TABLE public.auth_permission (
    id integer NOT NULL,
    name character varying(255) NOT NULL,
    content_type_id integer NOT NULL,
    codename character varying(100) NOT NULL
);


ALTER TABLE public.auth_permission OWNER TO "b11-1_user";

--
-- Name: auth_permission_id_seq; Type: SEQUENCE; Schema: public; Owner: b11-1_user
--

ALTER TABLE public.auth_permission ALTER COLUMN id ADD GENERATED BY DEFAULT AS IDENTITY (
    SEQUENCE NAME public.auth_permission_id_seq
    START WITH 1
    INCREMENT BY 1
    NO MINVALUE
    NO MAXVALUE
    CACHE 1
);


--
-- Name: auth_user; Type: TABLE; Schema: public; Owner: b11-1_user
--

CREATE TABLE public.auth_user (
    id integer NOT NULL,
    password character varying(128) NOT NULL,
    last_login timestamp with time zone,
    is_superuser boolean NOT NULL,
    username character varying(150) NOT NULL,
    first_name character varying(150) NOT NULL,
    last_name character varying(150) NOT NULL,
    email character varying(254) NOT NULL,
    is_staff boolean NOT NULL,
    is_active boolean NOT NULL,
    date_joined timestamp with time zone NOT NULL
);


ALTER TABLE public.auth_user OWNER TO "b11-1_user";

--
-- Name: auth_user_groups; Type: TABLE; Schema: public; Owner: b11-1_user
--

CREATE TABLE public.auth_user_groups (
    id bigint NOT NULL,
    user_id integer NOT NULL,
    group_id integer NOT NULL
);


ALTER TABLE public.auth_user_groups OWNER TO "b11-1_user";

--
-- Name: auth_user_groups_id_seq; Type: SEQUENCE; Schema: public; Owner: b11-1_user
--

ALTER TABLE public.auth_user_groups ALTER COLUMN id ADD GENERATED BY DEFAULT AS IDENTITY (
    SEQUENCE NAME public.auth_user_groups_id_seq
    START WITH 1
    INCREMENT BY 1
    NO MINVALUE
    NO MAXVALUE
    CACHE 1
);


--
-- Name: auth_user_id_seq; Type: SEQUENCE; Schema: public; Owner: b11-1_user
--

ALTER TABLE public.auth_user ALTER COLUMN id ADD GENERATED BY DEFAULT AS IDENTITY (
    SEQUENCE NAME public.auth_user_id_seq
    START WITH 1
    INCREMENT BY 1
    NO MINVALUE
    NO MAXVALUE
    CACHE 1
);


--
-- Name: auth_user_user_permissions; Type: TABLE; Schema: public; Owner: b11-1_user
--

CREATE TABLE public.auth_user_user_permissions (
    id bigint NOT NULL,
    user_id integer NOT NULL,
    permission_id integer NOT NULL
);


ALTER TABLE public.auth_user_user_permissions OWNER TO "b11-1_user";

--
-- Name: auth_user_user_permissions_id_seq; Type: SEQUENCE; Schema: public; Owner: b11-1_user
--

ALTER TABLE public.auth_user_user_permissions ALTER COLUMN id ADD GENERATED BY DEFAULT AS IDENTITY (
    SEQUENCE NAME public.auth_user_user_permissions_id_seq
    START WITH 1
    INCREMENT BY 1
    NO MINVALUE
    NO MAXVALUE
    CACHE 1
);


--
-- Name: b11_1_allgemeinepositionstypengruppe; Type: TABLE; Schema: public; Owner: b11-1_user
--

CREATE TABLE public.b11_1_allgemeinepositionstypengruppe (
    id bigint NOT NULL,
    text character varying(40)
);


ALTER TABLE public.b11_1_allgemeinepositionstypengruppe OWNER TO "b11-1_user";

--
-- Name: b11_1_allgemeinepositionstypengruppe_id_seq; Type: SEQUENCE; Schema: public; Owner: b11-1_user
--

ALTER TABLE public.b11_1_allgemeinepositionstypengruppe ALTER COLUMN id ADD GENERATED BY DEFAULT AS IDENTITY (
    SEQUENCE NAME public.b11_1_allgemeinepositionstypengruppe_id_seq
    START WITH 1
    INCREMENT BY 1
    NO MINVALUE
    NO MAXVALUE
    CACHE 1
);


--
-- Name: b11_1_auspraegung; Type: TABLE; Schema: public; Owner: b11-1_user
--

CREATE TABLE public.b11_1_auspraegung (
    id bigint NOT NULL,
    text character varying(40)
);


ALTER TABLE public.b11_1_auspraegung OWNER TO "b11-1_user";

--
-- Name: b11_1_auspraegung_id_seq; Type: SEQUENCE; Schema: public; Owner: b11-1_user
--

ALTER TABLE public.b11_1_auspraegung ALTER COLUMN id ADD GENERATED BY DEFAULT AS IDENTITY (
    SEQUENCE NAME public.b11_1_auspraegung_id_seq
    START WITH 1
    INCREMENT BY 1
    NO MINVALUE
    NO MAXVALUE
    CACHE 1
);


--
-- Name: b11_1_auszeichnungsfeld; Type: TABLE; Schema: public; Owner: b11-1_user
--

CREATE TABLE public.b11_1_auszeichnungsfeld (
    id bigint NOT NULL,
    text character varying(40)
);


ALTER TABLE public.b11_1_auszeichnungsfeld OWNER TO "b11-1_user";

--
-- Name: b11_1_auszeichnungsfeld_id_seq; Type: SEQUENCE; Schema: public; Owner: b11-1_user
--

ALTER TABLE public.b11_1_auszeichnungsfeld ALTER COLUMN id ADD GENERATED BY DEFAULT AS IDENTITY (
    SEQUENCE NAME public.b11_1_auszeichnungsfeld_id_seq
    START WITH 1
    INCREMENT BY 1
    NO MINVALUE
    NO MAXVALUE
    CACHE 1
);


--
-- Name: b11_1_basismengeneinheit; Type: TABLE; Schema: public; Owner: b11-1_user
--

CREATE TABLE public.b11_1_basismengeneinheit (
    id bigint NOT NULL,
    text character varying(40)
);


ALTER TABLE public.b11_1_basismengeneinheit OWNER TO "b11-1_user";

--
-- Name: b11_1_basismengeneinheit_id_seq; Type: SEQUENCE; Schema: public; Owner: b11-1_user
--

ALTER TABLE public.b11_1_basismengeneinheit ALTER COLUMN id ADD GENERATED BY DEFAULT AS IDENTITY (
    SEQUENCE NAME public.b11_1_basismengeneinheit_id_seq
    START WITH 1
    INCREMENT BY 1
    NO MINVALUE
    NO MAXVALUE
    CACHE 1
);


--
-- Name: b11_1_begru; Type: TABLE; Schema: public; Owner: b11-1_user
--

CREATE TABLE public.b11_1_begru (
    id bigint NOT NULL,
    text character varying(40)
);


ALTER TABLE public.b11_1_begru OWNER TO "b11-1_user";

--
-- Name: b11_1_begru_id_seq; Type: SEQUENCE; Schema: public; Owner: b11-1_user
--

ALTER TABLE public.b11_1_begru ALTER COLUMN id ADD GENERATED BY DEFAULT AS IDENTITY (
    SEQUENCE NAME public.b11_1_begru_id_seq
    START WITH 1
    INCREMENT BY 1
    NO MINVALUE
    NO MAXVALUE
    CACHE 1
);


--
-- Name: b11_1_bewertungsklasse; Type: TABLE; Schema: public; Owner: b11-1_user
--

CREATE TABLE public.b11_1_bewertungsklasse (
    id bigint NOT NULL,
    text character varying(40)
);


ALTER TABLE public.b11_1_bewertungsklasse OWNER TO "b11-1_user";

--
-- Name: b11_1_bewertungsklasse_id_seq; Type: SEQUENCE; Schema: public; Owner: b11-1_user
--

ALTER TABLE public.b11_1_bewertungsklasse ALTER COLUMN id ADD GENERATED BY DEFAULT AS IDENTITY (
    SEQUENCE NAME public.b11_1_bewertungsklasse_id_seq
    START WITH 1
    INCREMENT BY 1
    NO MINVALUE
    NO MAXVALUE
    CACHE 1
);


--
-- Name: b11_1_fertigungssteuerer; Type: TABLE; Schema: public; Owner: b11-1_user
--

CREATE TABLE public.b11_1_fertigungssteuerer (
    id bigint NOT NULL,
    text character varying(40)
);


ALTER TABLE public.b11_1_fertigungssteuerer OWNER TO "b11-1_user";

--
-- Name: b11_1_fertigungssteuerer_id_seq; Type: SEQUENCE; Schema: public; Owner: b11-1_user
--

ALTER TABLE public.b11_1_fertigungssteuerer ALTER COLUMN id ADD GENERATED BY DEFAULT AS IDENTITY (
    SEQUENCE NAME public.b11_1_fertigungssteuerer_id_seq
    START WITH 1
    INCREMENT BY 1
    NO MINVALUE
    NO MAXVALUE
    CACHE 1
);


--
-- Name: b11_1_gefahrgutkennzeichen; Type: TABLE; Schema: public; Owner: b11-1_user
--

CREATE TABLE public.b11_1_gefahrgutkennzeichen (
    id bigint NOT NULL,
    text character varying(40)
);


ALTER TABLE public.b11_1_gefahrgutkennzeichen OWNER TO "b11-1_user";

--
-- Name: b11_1_gefahrgutkennzeichen_id_seq; Type: SEQUENCE; Schema: public; Owner: b11-1_user
--

ALTER TABLE public.b11_1_gefahrgutkennzeichen ALTER COLUMN id ADD GENERATED BY DEFAULT AS IDENTITY (
    SEQUENCE NAME public.b11_1_gefahrgutkennzeichen_id_seq
    START WITH 1
    INCREMENT BY 1
    NO MINVALUE
    NO MAXVALUE
    CACHE 1
);


--
-- Name: b11_1_material; Type: TABLE; Schema: public; Owner: b11-1_user
--

CREATE TABLE public.b11_1_material (
    id bigint NOT NULL,
    positions_nr character varying(40),
    kurztext_de character varying(40),
    kurztext_fr character varying(40),
    kurztext_en character varying(40),
    grunddatentext_de_1_zeile character varying,
    grunddatentext_de_2_zeile character varying,
    grunddatentext_fr_1_zeile character varying,
    grunddatentext_fr_2_zeile character varying,
    grunddatentext_en_1_zeile character varying,
    grunddatentext_en_2_zeile character varying,
    gewichtseinheit character varying,
    nettogewicht character varying,
    groesse_abmessung character varying,
    ean_upc_code character varying,
    nato_stock_number character varying,
    nsn_gruppe_klasse character varying,
    nato_versorgungs_nr character varying,
    herstellerteilenummer character varying(40),
    normbezeichnung character varying(18),
    bruttogewicht character varying,
    instandsetzbar boolean,
    chargenpflicht boolean,
    bestellmengeneinheit character varying,
    mindestbestellmenge character varying,
    lieferzeit character varying,
    einheit_l_b_h character varying,
    laenge character varying,
    breite character varying,
    hoehe character varying,
    preis character varying,
    waehrung character varying,
    preiseinheit character varying,
    lagerfaehigkeit character varying,
    exportkontrollauflage boolean,
    cage_code character varying,
    hersteller_name character varying,
    hersteller_adresse character varying,
    hersteller_plz character varying,
    hersteller_ort character varying,
    revision character varying(30),
    bemerkung character varying,
    produkthierarchie character varying,
    hersteller_nr_gp character varying,
    warengruppe character varying,
    endbevorratet character varying,
    revision_fremd character varying,
    revision_eigen character varying,
    zertifiziert_fuer_flug boolean,
    a_nummer character varying,
    verteilung_an_psd boolean,
    verteilung_an_ruag boolean,
    verkaufsorg character varying,
    fuehrendes_material character varying,
    kennzeichen_komplexes_system boolean,
    cpv_code character varying,
    systemmanager character varying(30),
    kennziffer_bamf character varying(30),
    mietrelevanz character varying,
    next_higher_assembly character varying(30),
    nachschubklasse character varying(30),
    verteilung_apm_kerda boolean,
    verteilung_svsaa boolean,
    verteilung_cheops boolean,
    allgemeine_positionstypengruppe_id bigint,
    auspraegung_id bigint,
    auszeichnungsfeld_id bigint,
    basismengeneinheit_id bigint,
    begru_id bigint,
    bewertungsklasse_id bigint,
    fertigungssteuerer_id bigint,
    gefahrgutkennzeichen_id bigint,
    materialart_grunddaten_id bigint,
    materialzustandsverwaltung_id bigint,
    rueckfuehrungscode_id bigint,
    serialnummerprofil_id bigint,
    sonderablauf_id bigint,
    spare_part_class_code_id bigint,
    sparte_id bigint,
    temperaturbedingung_id bigint,
    uebersetzungsstatus_id bigint,
    vertriebsweg_id bigint,
    werk_1_id bigint,
    werk_2_id bigint,
    werk_3_id bigint,
    werk_4_id bigint,
    zuteilung_id bigint
);


ALTER TABLE public.b11_1_material OWNER TO "b11-1_user";

--
-- Name: b11_1_material_id_seq; Type: SEQUENCE; Schema: public; Owner: b11-1_user
--

ALTER TABLE public.b11_1_material ALTER COLUMN id ADD GENERATED BY DEFAULT AS IDENTITY (
    SEQUENCE NAME public.b11_1_material_id_seq
    START WITH 1
    INCREMENT BY 1
    NO MINVALUE
    NO MAXVALUE
    CACHE 1
);


--
-- Name: b11_1_materialart; Type: TABLE; Schema: public; Owner: b11-1_user
--

CREATE TABLE public.b11_1_materialart (
    id bigint NOT NULL,
    text character varying(40)
);


ALTER TABLE public.b11_1_materialart OWNER TO "b11-1_user";

--
-- Name: b11_1_materialart_id_seq; Type: SEQUENCE; Schema: public; Owner: b11-1_user
--

ALTER TABLE public.b11_1_materialart ALTER COLUMN id ADD GENERATED BY DEFAULT AS IDENTITY (
    SEQUENCE NAME public.b11_1_materialart_id_seq
    START WITH 1
    INCREMENT BY 1
    NO MINVALUE
    NO MAXVALUE
    CACHE 1
);


--
-- Name: b11_1_materialzustandsverwaltung; Type: TABLE; Schema: public; Owner: b11-1_user
--

CREATE TABLE public.b11_1_materialzustandsverwaltung (
    id bigint NOT NULL,
    text character varying(40)
);


ALTER TABLE public.b11_1_materialzustandsverwaltung OWNER TO "b11-1_user";

--
-- Name: b11_1_materialzustandsverwaltung_id_seq; Type: SEQUENCE; Schema: public; Owner: b11-1_user
--

ALTER TABLE public.b11_1_materialzustandsverwaltung ALTER COLUMN id ADD GENERATED BY DEFAULT AS IDENTITY (
    SEQUENCE NAME public.b11_1_materialzustandsverwaltung_id_seq
    START WITH 1
    INCREMENT BY 1
    NO MINVALUE
    NO MAXVALUE
    CACHE 1
);


--
-- Name: b11_1_rueckfuehrungscode; Type: TABLE; Schema: public; Owner: b11-1_user
--

CREATE TABLE public.b11_1_rueckfuehrungscode (
    id bigint NOT NULL,
    text character varying(40)
);


ALTER TABLE public.b11_1_rueckfuehrungscode OWNER TO "b11-1_user";

--
-- Name: b11_1_rueckfuehrungscode_id_seq; Type: SEQUENCE; Schema: public; Owner: b11-1_user
--

ALTER TABLE public.b11_1_rueckfuehrungscode ALTER COLUMN id ADD GENERATED BY DEFAULT AS IDENTITY (
    SEQUENCE NAME public.b11_1_rueckfuehrungscode_id_seq
    START WITH 1
    INCREMENT BY 1
    NO MINVALUE
    NO MAXVALUE
    CACHE 1
);


--
-- Name: b11_1_serialnummerprofil; Type: TABLE; Schema: public; Owner: b11-1_user
--

CREATE TABLE public.b11_1_serialnummerprofil (
    id bigint NOT NULL,
    text character varying(40)
);


ALTER TABLE public.b11_1_serialnummerprofil OWNER TO "b11-1_user";

--
-- Name: b11_1_serialnummerprofil_id_seq; Type: SEQUENCE; Schema: public; Owner: b11-1_user
--

ALTER TABLE public.b11_1_serialnummerprofil ALTER COLUMN id ADD GENERATED BY DEFAULT AS IDENTITY (
    SEQUENCE NAME public.b11_1_serialnummerprofil_id_seq
    START WITH 1
    INCREMENT BY 1
    NO MINVALUE
    NO MAXVALUE
    CACHE 1
);


--
-- Name: b11_1_sonderablauf; Type: TABLE; Schema: public; Owner: b11-1_user
--

CREATE TABLE public.b11_1_sonderablauf (
    id bigint NOT NULL,
    text character varying(40)
);


ALTER TABLE public.b11_1_sonderablauf OWNER TO "b11-1_user";

--
-- Name: b11_1_sonderablauf_id_seq; Type: SEQUENCE; Schema: public; Owner: b11-1_user
--

ALTER TABLE public.b11_1_sonderablauf ALTER COLUMN id ADD GENERATED BY DEFAULT AS IDENTITY (
    SEQUENCE NAME public.b11_1_sonderablauf_id_seq
    START WITH 1
    INCREMENT BY 1
    NO MINVALUE
    NO MAXVALUE
    CACHE 1
);


--
-- Name: b11_1_sparepartclasscode; Type: TABLE; Schema: public; Owner: b11-1_user
--

CREATE TABLE public.b11_1_sparepartclasscode (
    id bigint NOT NULL,
    text character varying(40)
);


ALTER TABLE public.b11_1_sparepartclasscode OWNER TO "b11-1_user";

--
-- Name: b11_1_sparepartclasscode_id_seq; Type: SEQUENCE; Schema: public; Owner: b11-1_user
--

ALTER TABLE public.b11_1_sparepartclasscode ALTER COLUMN id ADD GENERATED BY DEFAULT AS IDENTITY (
    SEQUENCE NAME public.b11_1_sparepartclasscode_id_seq
    START WITH 1
    INCREMENT BY 1
    NO MINVALUE
    NO MAXVALUE
    CACHE 1
);


--
-- Name: b11_1_sparte; Type: TABLE; Schema: public; Owner: b11-1_user
--

CREATE TABLE public.b11_1_sparte (
    id bigint NOT NULL,
    text character varying(40)
);


ALTER TABLE public.b11_1_sparte OWNER TO "b11-1_user";

--
-- Name: b11_1_sparte_id_seq; Type: SEQUENCE; Schema: public; Owner: b11-1_user
--

ALTER TABLE public.b11_1_sparte ALTER COLUMN id ADD GENERATED BY DEFAULT AS IDENTITY (
    SEQUENCE NAME public.b11_1_sparte_id_seq
    START WITH 1
    INCREMENT BY 1
    NO MINVALUE
    NO MAXVALUE
    CACHE 1
);


--
-- Name: b11_1_temperaturbedingung; Type: TABLE; Schema: public; Owner: b11-1_user
--

CREATE TABLE public.b11_1_temperaturbedingung (
    id bigint NOT NULL,
    text character varying(40)
);


ALTER TABLE public.b11_1_temperaturbedingung OWNER TO "b11-1_user";

--
-- Name: b11_1_temperaturbedingung_id_seq; Type: SEQUENCE; Schema: public; Owner: b11-1_user
--

ALTER TABLE public.b11_1_temperaturbedingung ALTER COLUMN id ADD GENERATED BY DEFAULT AS IDENTITY (
    SEQUENCE NAME public.b11_1_temperaturbedingung_id_seq
    START WITH 1
    INCREMENT BY 1
    NO MINVALUE
    NO MAXVALUE
    CACHE 1
);


--
-- Name: b11_1_uebersetzungsstatus; Type: TABLE; Schema: public; Owner: b11-1_user
--

CREATE TABLE public.b11_1_uebersetzungsstatus (
    id bigint NOT NULL,
    text character varying(40)
);


ALTER TABLE public.b11_1_uebersetzungsstatus OWNER TO "b11-1_user";

--
-- Name: b11_1_uebersetzungsstatus_id_seq; Type: SEQUENCE; Schema: public; Owner: b11-1_user
--

ALTER TABLE public.b11_1_uebersetzungsstatus ALTER COLUMN id ADD GENERATED BY DEFAULT AS IDENTITY (
    SEQUENCE NAME public.b11_1_uebersetzungsstatus_id_seq
    START WITH 1
    INCREMENT BY 1
    NO MINVALUE
    NO MAXVALUE
    CACHE 1
);


--
-- Name: b11_1_vertriebsweg; Type: TABLE; Schema: public; Owner: b11-1_user
--

CREATE TABLE public.b11_1_vertriebsweg (
    id bigint NOT NULL,
    text character varying(40)
);


ALTER TABLE public.b11_1_vertriebsweg OWNER TO "b11-1_user";

--
-- Name: b11_1_vertriebsweg_id_seq; Type: SEQUENCE; Schema: public; Owner: b11-1_user
--

ALTER TABLE public.b11_1_vertriebsweg ALTER COLUMN id ADD GENERATED BY DEFAULT AS IDENTITY (
    SEQUENCE NAME public.b11_1_vertriebsweg_id_seq
    START WITH 1
    INCREMENT BY 1
    NO MINVALUE
    NO MAXVALUE
    CACHE 1
);


--
-- Name: b11_1_view_gd; Type: TABLE; Schema: public; Owner: b11-1_user
--

CREATE TABLE public.b11_1_view_gd (
    id bigint NOT NULL,
    begru character varying,
    materialart_grunddaten character varying,
    sparte character varying,
    produkthierarchie character varying,
    materialzustandsverwaltung character varying,
    rueckfuehrungscode character varying,
    serialnummerprofil character varying,
    spare_part_class_code character varying,
    hersteller_nr_gp character varying,
    warengruppe character varying,
    uebersetzungsstatus character varying,
    endbevorratet character varying,
    revision_fremd character varying,
    revision_eigen character varying,
    zertifiziert_fuer_flug boolean,
    a_nummer character varying,
    verteilung_an_psd boolean,
    verteilung_an_ruag boolean
);


ALTER TABLE public.b11_1_view_gd OWNER TO "b11-1_user";

--
-- Name: b11_1_view_gd_id_seq; Type: SEQUENCE; Schema: public; Owner: b11-1_user
--

ALTER TABLE public.b11_1_view_gd ALTER COLUMN id ADD GENERATED BY DEFAULT AS IDENTITY (
    SEQUENCE NAME public.b11_1_view_gd_id_seq
    START WITH 1
    INCREMENT BY 1
    NO MINVALUE
    NO MAXVALUE
    CACHE 1
);


--
-- Name: b11_1_view_il; Type: TABLE; Schema: public; Owner: b11-1_user
--

CREATE TABLE public.b11_1_view_il (
    id bigint NOT NULL,
    positions_nr character varying(40),
    kurztext_de character varying(40),
    kurztext_fr character varying(40),
    kurztext_en character varying(40),
    grunddatentext_de_1_zeile character varying,
    grunddatentext_de_2_zeile character varying,
    grunddatentext_fr_1_zeile character varying,
    grunddatentext_fr_2_zeile character varying,
    grunddatentext_en_1_zeile character varying,
    grunddatentext_en_2_zeile character varying,
    basismengeneinheit character varying,
    bruttogewicht character varying,
    gewichtseinheit character varying,
    nettogewicht character varying,
    groesse_abmessung character varying,
    ean_upc_code character varying,
    nato_stock_number character varying,
    nsn_gruppe_klasse character varying,
    nato_versorgungs_nr character varying,
    herstellerteilenummer character varying(40),
    normbezeichnung character varying(18),
    gefahrgutkennzeichen character varying,
    instandsetzbar boolean,
    chargenpflicht boolean,
    bestellmengeneinheit character varying,
    mindestbestellmenge character varying,
    lieferzeit character varying,
    einheit_l_b_h character varying,
    laenge character varying,
    breite character varying,
    hoehe character varying,
    preis character varying,
    waehrung character varying,
    preiseinheit character varying,
    lagerfaehigkeit character varying,
    exportkontrollauflage boolean,
    cage_code character varying,
    hersteller_name character varying,
    hersteller_adresse character varying,
    hersteller_plz character varying,
    hersteller_ort character varying,
    revision character varying(30),
    bemerkung character varying
);


ALTER TABLE public.b11_1_view_il OWNER TO "b11-1_user";

--
-- Name: b11_1_view_il_id_seq; Type: SEQUENCE; Schema: public; Owner: b11-1_user
--

ALTER TABLE public.b11_1_view_il ALTER COLUMN id ADD GENERATED BY DEFAULT AS IDENTITY (
    SEQUENCE NAME public.b11_1_view_il_id_seq
    START WITH 1
    INCREMENT BY 1
    NO MINVALUE
    NO MAXVALUE
    CACHE 1
);


--
-- Name: b11_1_view_sm_da; Type: TABLE; Schema: public; Owner: b11-1_user
--

CREATE TABLE public.b11_1_view_sm_da (
    id bigint NOT NULL,
    werk_1 character varying,
    werk_2 character varying,
    werk_3 character varying,
    werk_4 character varying,
    allgemeine_positionstypengruppe character varying,
    verkaufsorg character varying,
    vertriebsweg character varying,
    fuehrendes_material character varying,
    auszeichnungsfeld character varying,
    cpv_code character varying,
    fertigungssteuerer character varying,
    kennzeichen_komplexes_system boolean,
    sonderablauf character varying,
    temperaturbedingung character varying,
    bewertungsklasse character varying,
    systemmanager character varying(30),
    kennziffer_bamf character varying(30),
    mietrelevanz character varying,
    next_higher_assembly character varying(30),
    nachschubklasse character varying(30),
    verteilung_apm_kerda boolean,
    verteilung_svsaa boolean,
    verteilung_cheops boolean,
    zuteilung character varying,
    auspraegung character varying
);


ALTER TABLE public.b11_1_view_sm_da OWNER TO "b11-1_user";

--
-- Name: b11_1_view_sm_da_id_seq; Type: SEQUENCE; Schema: public; Owner: b11-1_user
--

ALTER TABLE public.b11_1_view_sm_da ALTER COLUMN id ADD GENERATED BY DEFAULT AS IDENTITY (
    SEQUENCE NAME public.b11_1_view_sm_da_id_seq
    START WITH 1
    INCREMENT BY 1
    NO MINVALUE
    NO MAXVALUE
    CACHE 1
);


--
-- Name: b11_1_werk_1; Type: TABLE; Schema: public; Owner: b11-1_user
--

CREATE TABLE public.b11_1_werk_1 (
    id bigint NOT NULL,
    text character varying(40)
);


ALTER TABLE public.b11_1_werk_1 OWNER TO "b11-1_user";

--
-- Name: b11_1_werk_1_id_seq; Type: SEQUENCE; Schema: public; Owner: b11-1_user
--

ALTER TABLE public.b11_1_werk_1 ALTER COLUMN id ADD GENERATED BY DEFAULT AS IDENTITY (
    SEQUENCE NAME public.b11_1_werk_1_id_seq
    START WITH 1
    INCREMENT BY 1
    NO MINVALUE
    NO MAXVALUE
    CACHE 1
);


--
-- Name: b11_1_werk_2; Type: TABLE; Schema: public; Owner: b11-1_user
--

CREATE TABLE public.b11_1_werk_2 (
    id bigint NOT NULL,
    text character varying(40)
);


ALTER TABLE public.b11_1_werk_2 OWNER TO "b11-1_user";

--
-- Name: b11_1_werk_2_id_seq; Type: SEQUENCE; Schema: public; Owner: b11-1_user
--

ALTER TABLE public.b11_1_werk_2 ALTER COLUMN id ADD GENERATED BY DEFAULT AS IDENTITY (
    SEQUENCE NAME public.b11_1_werk_2_id_seq
    START WITH 1
    INCREMENT BY 1
    NO MINVALUE
    NO MAXVALUE
    CACHE 1
);


--
-- Name: b11_1_werk_3; Type: TABLE; Schema: public; Owner: b11-1_user
--

CREATE TABLE public.b11_1_werk_3 (
    id bigint NOT NULL,
    text character varying(40)
);


ALTER TABLE public.b11_1_werk_3 OWNER TO "b11-1_user";

--
-- Name: b11_1_werk_3_id_seq; Type: SEQUENCE; Schema: public; Owner: b11-1_user
--

ALTER TABLE public.b11_1_werk_3 ALTER COLUMN id ADD GENERATED BY DEFAULT AS IDENTITY (
    SEQUENCE NAME public.b11_1_werk_3_id_seq
    START WITH 1
    INCREMENT BY 1
    NO MINVALUE
    NO MAXVALUE
    CACHE 1
);


--
-- Name: b11_1_werk_4; Type: TABLE; Schema: public; Owner: b11-1_user
--

CREATE TABLE public.b11_1_werk_4 (
    id bigint NOT NULL,
    text character varying(40)
);


ALTER TABLE public.b11_1_werk_4 OWNER TO "b11-1_user";

--
-- Name: b11_1_werk_4_id_seq; Type: SEQUENCE; Schema: public; Owner: b11-1_user
--

ALTER TABLE public.b11_1_werk_4 ALTER COLUMN id ADD GENERATED BY DEFAULT AS IDENTITY (
    SEQUENCE NAME public.b11_1_werk_4_id_seq
    START WITH 1
    INCREMENT BY 1
    NO MINVALUE
    NO MAXVALUE
    CACHE 1
);


--
-- Name: b11_1_zuteilung; Type: TABLE; Schema: public; Owner: b11-1_user
--

CREATE TABLE public.b11_1_zuteilung (
    id bigint NOT NULL,
    text character varying(40)
);


ALTER TABLE public.b11_1_zuteilung OWNER TO "b11-1_user";

--
-- Name: b11_1_zuteilung_id_seq; Type: SEQUENCE; Schema: public; Owner: b11-1_user
--

ALTER TABLE public.b11_1_zuteilung ALTER COLUMN id ADD GENERATED BY DEFAULT AS IDENTITY (
    SEQUENCE NAME public.b11_1_zuteilung_id_seq
    START WITH 1
    INCREMENT BY 1
    NO MINVALUE
    NO MAXVALUE
    CACHE 1
);


--
-- Name: django_admin_log; Type: TABLE; Schema: public; Owner: b11-1_user
--

CREATE TABLE public.django_admin_log (
    id integer NOT NULL,
    action_time timestamp with time zone NOT NULL,
    object_id text,
    object_repr character varying(200) NOT NULL,
    action_flag smallint NOT NULL,
    change_message text NOT NULL,
    content_type_id integer,
    user_id integer NOT NULL,
    CONSTRAINT django_admin_log_action_flag_check CHECK ((action_flag >= 0))
);


ALTER TABLE public.django_admin_log OWNER TO "b11-1_user";

--
-- Name: django_admin_log_id_seq; Type: SEQUENCE; Schema: public; Owner: b11-1_user
--

ALTER TABLE public.django_admin_log ALTER COLUMN id ADD GENERATED BY DEFAULT AS IDENTITY (
    SEQUENCE NAME public.django_admin_log_id_seq
    START WITH 1
    INCREMENT BY 1
    NO MINVALUE
    NO MAXVALUE
    CACHE 1
);


--
-- Name: django_content_type; Type: TABLE; Schema: public; Owner: b11-1_user
--

CREATE TABLE public.django_content_type (
    id integer NOT NULL,
    app_label character varying(100) NOT NULL,
    model character varying(100) NOT NULL
);


ALTER TABLE public.django_content_type OWNER TO "b11-1_user";

--
-- Name: django_content_type_id_seq; Type: SEQUENCE; Schema: public; Owner: b11-1_user
--

ALTER TABLE public.django_content_type ALTER COLUMN id ADD GENERATED BY DEFAULT AS IDENTITY (
    SEQUENCE NAME public.django_content_type_id_seq
    START WITH 1
    INCREMENT BY 1
    NO MINVALUE
    NO MAXVALUE
    CACHE 1
);


--
-- Name: django_migrations; Type: TABLE; Schema: public; Owner: b11-1_user
--

CREATE TABLE public.django_migrations (
    id bigint NOT NULL,
    app character varying(255) NOT NULL,
    name character varying(255) NOT NULL,
    applied timestamp with time zone NOT NULL
);


ALTER TABLE public.django_migrations OWNER TO "b11-1_user";

--
-- Name: django_migrations_id_seq; Type: SEQUENCE; Schema: public; Owner: b11-1_user
--

ALTER TABLE public.django_migrations ALTER COLUMN id ADD GENERATED BY DEFAULT AS IDENTITY (
    SEQUENCE NAME public.django_migrations_id_seq
    START WITH 1
    INCREMENT BY 1
    NO MINVALUE
    NO MAXVALUE
    CACHE 1
);


--
-- Name: django_session; Type: TABLE; Schema: public; Owner: b11-1_user
--

CREATE TABLE public.django_session (
    session_key character varying(40) NOT NULL,
    session_data text NOT NULL,
    expire_date timestamp with time zone NOT NULL
);


ALTER TABLE public.django_session OWNER TO "b11-1_user";

--
-- Data for Name: auth_group; Type: TABLE DATA; Schema: public; Owner: b11-1_user
--

COPY public.auth_group (id, name) FROM stdin;
1	grIL
2	grGD
3	grSMDA
\.


--
-- Data for Name: auth_group_permissions; Type: TABLE DATA; Schema: public; Owner: b11-1_user
--

COPY public.auth_group_permissions (id, group_id, permission_id) FROM stdin;
\.


--
-- Data for Name: auth_permission; Type: TABLE DATA; Schema: public; Owner: b11-1_user
--

COPY public.auth_permission (id, name, content_type_id, codename) FROM stdin;
1	Can add log entry	1	add_logentry
2	Can change log entry	1	change_logentry
3	Can delete log entry	1	delete_logentry
4	Can view log entry	1	view_logentry
5	Can add permission	2	add_permission
6	Can change permission	2	change_permission
7	Can delete permission	2	delete_permission
8	Can view permission	2	view_permission
9	Can add group	3	add_group
10	Can change group	3	change_group
11	Can delete group	3	delete_group
12	Can view group	3	view_group
13	Can add user	4	add_user
14	Can change user	4	change_user
15	Can delete user	4	delete_user
16	Can view user	4	view_user
17	Can add content type	5	add_contenttype
18	Can change content type	5	change_contenttype
19	Can delete content type	5	delete_contenttype
20	Can view content type	5	view_contenttype
21	Can add session	6	add_session
22	Can change session	6	change_session
23	Can delete session	6	delete_session
24	Can view session	6	view_session
25	Can add view_gd	7	add_view_gd
26	Can change view_gd	7	change_view_gd
27	Can delete view_gd	7	delete_view_gd
28	Can view view_gd	7	view_view_gd
29	Can add view_il	8	add_view_il
30	Can change view_il	8	change_view_il
31	Can delete view_il	8	delete_view_il
32	Can view view_il	8	view_view_il
33	Can add view_s m_da	9	add_view_sm_da
34	Can change view_s m_da	9	change_view_sm_da
35	Can delete view_s m_da	9	delete_view_sm_da
36	Can view view_s m_da	9	view_view_sm_da
37	Can add bewertungsklasse	10	add_bewertungsklasse
38	Can change bewertungsklasse	10	change_bewertungsklasse
39	Can delete bewertungsklasse	10	delete_bewertungsklasse
40	Can view bewertungsklasse	10	view_bewertungsklasse
41	Can add spare part class code	11	add_sparepartclasscode
42	Can change spare part class code	11	change_sparepartclasscode
43	Can delete spare part class code	11	delete_sparepartclasscode
44	Can view spare part class code	11	view_sparepartclasscode
45	Can add serialnummerprofil	12	add_serialnummerprofil
46	Can change serialnummerprofil	12	change_serialnummerprofil
47	Can delete serialnummerprofil	12	delete_serialnummerprofil
48	Can view serialnummerprofil	12	view_serialnummerprofil
49	Can add material	13	add_material
50	Can change material	13	change_material
51	Can delete material	13	delete_material
52	Can view material	13	view_material
53	Can add werk_4	14	add_werk_4
54	Can change werk_4	14	change_werk_4
55	Can delete werk_4	14	delete_werk_4
56	Can view werk_4	14	view_werk_4
57	Can add vertriebsweg	15	add_vertriebsweg
58	Can change vertriebsweg	15	change_vertriebsweg
59	Can delete vertriebsweg	15	delete_vertriebsweg
60	Can view vertriebsweg	15	view_vertriebsweg
61	Can add uebersetzungsstatus	16	add_uebersetzungsstatus
62	Can change uebersetzungsstatus	16	change_uebersetzungsstatus
63	Can delete uebersetzungsstatus	16	delete_uebersetzungsstatus
64	Can view uebersetzungsstatus	16	view_uebersetzungsstatus
65	Can add basismengeneinheit	17	add_basismengeneinheit
66	Can change basismengeneinheit	17	change_basismengeneinheit
67	Can delete basismengeneinheit	17	delete_basismengeneinheit
68	Can view basismengeneinheit	17	view_basismengeneinheit
69	Can add materialzustandsverwaltung	18	add_materialzustandsverwaltung
70	Can change materialzustandsverwaltung	18	change_materialzustandsverwaltung
71	Can delete materialzustandsverwaltung	18	delete_materialzustandsverwaltung
72	Can view materialzustandsverwaltung	18	view_materialzustandsverwaltung
73	Can add temperaturbedingung	19	add_temperaturbedingung
74	Can change temperaturbedingung	19	change_temperaturbedingung
75	Can delete temperaturbedingung	19	delete_temperaturbedingung
76	Can view temperaturbedingung	19	view_temperaturbedingung
77	Can add auszeichnungsfeld	20	add_auszeichnungsfeld
78	Can change auszeichnungsfeld	20	change_auszeichnungsfeld
79	Can delete auszeichnungsfeld	20	delete_auszeichnungsfeld
80	Can view auszeichnungsfeld	20	view_auszeichnungsfeld
81	Can add gefahrgutkennzeichen	21	add_gefahrgutkennzeichen
82	Can change gefahrgutkennzeichen	21	change_gefahrgutkennzeichen
83	Can delete gefahrgutkennzeichen	21	delete_gefahrgutkennzeichen
84	Can view gefahrgutkennzeichen	21	view_gefahrgutkennzeichen
85	Can add werk_2	22	add_werk_2
86	Can change werk_2	22	change_werk_2
87	Can delete werk_2	22	delete_werk_2
88	Can view werk_2	22	view_werk_2
89	Can add werk_1	23	add_werk_1
90	Can change werk_1	23	change_werk_1
91	Can delete werk_1	23	delete_werk_1
92	Can view werk_1	23	view_werk_1
93	Can add begru	24	add_begru
94	Can change begru	24	change_begru
95	Can delete begru	24	delete_begru
96	Can view begru	24	view_begru
97	Can add auspraegung	25	add_auspraegung
98	Can change auspraegung	25	change_auspraegung
99	Can delete auspraegung	25	delete_auspraegung
100	Can view auspraegung	25	view_auspraegung
101	Can add materialart	26	add_materialart
102	Can change materialart	26	change_materialart
103	Can delete materialart	26	delete_materialart
104	Can view materialart	26	view_materialart
105	Can add rueckfuehrungscode	27	add_rueckfuehrungscode
106	Can change rueckfuehrungscode	27	change_rueckfuehrungscode
107	Can delete rueckfuehrungscode	27	delete_rueckfuehrungscode
108	Can view rueckfuehrungscode	27	view_rueckfuehrungscode
109	Can add allgemeine positionstypengruppe	28	add_allgemeinepositionstypengruppe
110	Can change allgemeine positionstypengruppe	28	change_allgemeinepositionstypengruppe
111	Can delete allgemeine positionstypengruppe	28	delete_allgemeinepositionstypengruppe
112	Can view allgemeine positionstypengruppe	28	view_allgemeinepositionstypengruppe
113	Can add fertigungssteuerer	29	add_fertigungssteuerer
114	Can change fertigungssteuerer	29	change_fertigungssteuerer
115	Can delete fertigungssteuerer	29	delete_fertigungssteuerer
116	Can view fertigungssteuerer	29	view_fertigungssteuerer
117	Can add werk_3	30	add_werk_3
118	Can change werk_3	30	change_werk_3
119	Can delete werk_3	30	delete_werk_3
120	Can view werk_3	30	view_werk_3
121	Can add zuteilung	31	add_zuteilung
122	Can change zuteilung	31	change_zuteilung
123	Can delete zuteilung	31	delete_zuteilung
124	Can view zuteilung	31	view_zuteilung
125	Can add sparte	32	add_sparte
126	Can change sparte	32	change_sparte
127	Can delete sparte	32	delete_sparte
128	Can view sparte	32	view_sparte
129	Can add sonderablauf	33	add_sonderablauf
130	Can change sonderablauf	33	change_sonderablauf
131	Can delete sonderablauf	33	delete_sonderablauf
132	Can view sonderablauf	33	view_sonderablauf
\.


--
-- Data for Name: auth_user; Type: TABLE DATA; Schema: public; Owner: b11-1_user
--

COPY public.auth_user (id, password, last_login, is_superuser, username, first_name, last_name, email, is_staff, is_active, date_joined) FROM stdin;
1	pbkdf2_sha256$720000$Drk81ampJsId02wg70YKYo$mhxHlGOu8JSYtTY8KSk7i7YDkOnqFBQfnqJ2QUsFZb0=	2024-06-26 20:04:12.427+02	t	yann				t	t	2024-06-26 19:04:56.755+02
2	pbkdf2_sha256$720000$OWr3VIWlzKQLkaUxLgYpzz$fKU6foVY1Jm3JbwU6XeCD7sJpn1v0kHG5lft4r80KMc=	2024-06-28 07:27:02.245+02	f	grIL_01				f	t	2024-06-26 19:24:40+02
3	pbkdf2_sha256$720000$00A6T4sVjr09QMLE3p6jLG$DFSecz3u2TTOlqg18kjLBK6UulsenYK+PL29B+kRczY=	\N	f	grIL_02				f	t	2024-06-26 19:24:55+02
4	pbkdf2_sha256$720000$eYQ1VX9693ecUfeI6FT1Rf$SZQmk49FI9du5Dzyxkye0Q3BEdgEMDcwJK7OwRKJT0o=	\N	f	grIL_03				f	t	2024-06-26 19:25:08+02
6	pbkdf2_sha256$720000$41qOozjnAeRLdCZaKVd7UD$jGJXtV37Tdi5j/4Oa0mlsohtvsxxIoIYXZ5tuf5M5R8=	2024-06-26 20:02:50.375+02	f	grGD_02				f	t	2024-06-26 19:25:44+02
7	pbkdf2_sha256$720000$sWuaCLxihiSPxL94OoHM03$fKTL7pp3zWg3J5PhYa2sfLg/OrGJSVbPmcdG3Co90CI=	\N	f	grGD_03				f	t	2024-06-26 19:25:54+02
8	pbkdf2_sha256$720000$TKYXCnI9JUSMKpW7wTbyqT$YUfRvQo8jvGSAAJ/HE9qRvKN29zTNCUw0MtVS7zkcg8=	\N	f	grSMDA_01				f	t	2024-06-26 20:05:01+02
9	pbkdf2_sha256$720000$nw9zWt3JJg9mjLEkgImYYQ$3OY1OYDKnoYsp2PcE5A+45ZRYypGztQxXOlMbMIwVRY=	\N	f	grSMDA_02				f	t	2024-06-26 20:05:10+02
10	pbkdf2_sha256$720000$NKqiEPN8IqTFbDdvOgvCpO$YcI3IirYEQtZ/nOvb5/gb+gTPH+qINXMr3CcHi6AFsw=	2024-06-26 20:06:19.939+02	f	grSMDA_03				f	t	2024-06-26 20:05:22+02
5	pbkdf2_sha256$720000$2Q6SWsOLmyTQk0Lu09Lgeg$T5yL0mMRxBN7Y4MUxadXr67M8kPhb9tlUYBr85Fdkis=	2024-06-28 16:06:39.675696+02	f	grGD_01				f	t	2024-06-26 19:25:33+02
\.


--
-- Data for Name: auth_user_groups; Type: TABLE DATA; Schema: public; Owner: b11-1_user
--

COPY public.auth_user_groups (id, user_id, group_id) FROM stdin;
1	2	1
2	3	1
3	4	1
4	5	2
5	6	2
6	7	2
7	8	3
8	9	3
9	10	3
\.


--
-- Data for Name: auth_user_user_permissions; Type: TABLE DATA; Schema: public; Owner: b11-1_user
--

COPY public.auth_user_user_permissions (id, user_id, permission_id) FROM stdin;
\.


--
-- Data for Name: b11_1_allgemeinepositionstypengruppe; Type: TABLE DATA; Schema: public; Owner: b11-1_user
--

COPY public.b11_1_allgemeinepositionstypengruppe (id, text) FROM stdin;
1	ALEN
2	ALES
3	BADS
4	BANC
5	BANS
6	DIEN
7	ERLA
8	ERLB
9	GG01
10	GG02
11	GG04
12	GG05
13	LEAS
14	LEER
15	LEIC
16	LEIH
17	LEIS
18	LO01
19	LO02
20	LO03
21	LO04
22	LO06
23	LO08
24	LO09
25	LO11
26	LO12
27	LO13
28	LO14
29	LO16
30	LO18
31	LO19
32	LUMB
33	LUMF
34	NLAG
35	NORM
36	PBOS
37	PRRP
38	PRSR
39	PRSV
40	SAMM
41	SCNP
42	SRVE
43	SRVM
44	SRVP
45	VCIT
46	VERP
47	VMS0
48	VOLL
49	WERT
50	WMPP
51	ZUOC
52	ZVER
\.


--
-- Data for Name: b11_1_auspraegung; Type: TABLE DATA; Schema: public; Owner: b11-1_user
--

COPY public.b11_1_auspraegung (id, text) FROM stdin;
1	01
2	02
3	03
4	04
\.


--
-- Data for Name: b11_1_auszeichnungsfeld; Type: TABLE DATA; Schema: public; Owner: b11-1_user
--

COPY public.b11_1_auszeichnungsfeld (id, text) FROM stdin;
1	N
2	R
3	A
\.


--
-- Data for Name: b11_1_basismengeneinheit; Type: TABLE DATA; Schema: public; Owner: b11-1_user
--

COPY public.b11_1_basismengeneinheit (id, text) FROM stdin;
1	ST
2	M
3	KG
4	PAA
5	L
6	LE
7	T
8	STD
9	JHR
10	GLL
11	GLI
12	TO
13	G
14	MG
15	ML
16	CM
17	MM
18	M2
19	DM2
20	CM2
21	M3
22	CDM
23	CCM
24	PT
25	OZ
26	LB
\.


--
-- Data for Name: b11_1_begru; Type: TABLE DATA; Schema: public; Owner: b11-1_user
--

COPY public.b11_1_begru (id, text) FROM stdin;
1	3000
2	4000
3	5000
4	6000
5	7000
6	8000
7	9000
\.


--
-- Data for Name: b11_1_bewertungsklasse; Type: TABLE DATA; Schema: public; Owner: b11-1_user
--

COPY public.b11_1_bewertungsklasse (id, text) FROM stdin;
1	A000
2	A100
3	M100
4	M110
5	M120
6	M130
7	M131
8	M140
9	M141
10	M150
11	M200
12	M210
13	M220
14	M230
15	M240
16	M250
17	M260
18	M290
19	M300
20	M310
21	M320
22	M330
23	M340
24	M400
25	M700
26	M710
27	M720
28	M800
29	M810
30	M900
31	M910
\.


--
-- Data for Name: b11_1_fertigungssteuerer; Type: TABLE DATA; Schema: public; Owner: b11-1_user
--

COPY public.b11_1_fertigungssteuerer (id, text) FROM stdin;
1	S04
2	T01
3	T02
4	T03
5	T04
6	T05
7	T06
8	T07
9	T08
10	T09
11	T10
12	T11
13	T12
14	T13
15	T14
16	TP3
17	TP4
18	TP5
19	TP6
20	TP7
21	U01
22	U02
23	U03
24	U04
25	U05
26	U06
27	U07
28	U08
29	U09
30	URD
31	T15
32	T16
33	T17
34	T18
35	T8A
36	TP1
37	TP2
38	TW1
\.


--
-- Data for Name: b11_1_gefahrgutkennzeichen; Type: TABLE DATA; Schema: public; Owner: b11-1_user
--

COPY public.b11_1_gefahrgutkennzeichen (id, text) FROM stdin;
1	V01
2	V02
3	V03
\.


--
-- Data for Name: b11_1_material; Type: TABLE DATA; Schema: public; Owner: b11-1_user
--

COPY public.b11_1_material (id, positions_nr, kurztext_de, kurztext_fr, kurztext_en, grunddatentext_de_1_zeile, grunddatentext_de_2_zeile, grunddatentext_fr_1_zeile, grunddatentext_fr_2_zeile, grunddatentext_en_1_zeile, grunddatentext_en_2_zeile, gewichtseinheit, nettogewicht, groesse_abmessung, ean_upc_code, nato_stock_number, nsn_gruppe_klasse, nato_versorgungs_nr, herstellerteilenummer, normbezeichnung, bruttogewicht, instandsetzbar, chargenpflicht, bestellmengeneinheit, mindestbestellmenge, lieferzeit, einheit_l_b_h, laenge, breite, hoehe, preis, waehrung, preiseinheit, lagerfaehigkeit, exportkontrollauflage, cage_code, hersteller_name, hersteller_adresse, hersteller_plz, hersteller_ort, revision, bemerkung, produkthierarchie, hersteller_nr_gp, warengruppe, endbevorratet, revision_fremd, revision_eigen, zertifiziert_fuer_flug, a_nummer, verteilung_an_psd, verteilung_an_ruag, verkaufsorg, fuehrendes_material, kennzeichen_komplexes_system, cpv_code, systemmanager, kennziffer_bamf, mietrelevanz, next_higher_assembly, nachschubklasse, verteilung_apm_kerda, verteilung_svsaa, verteilung_cheops, allgemeine_positionstypengruppe_id, auspraegung_id, auszeichnungsfeld_id, basismengeneinheit_id, begru_id, bewertungsklasse_id, fertigungssteuerer_id, gefahrgutkennzeichen_id, materialart_grunddaten_id, materialzustandsverwaltung_id, rueckfuehrungscode_id, serialnummerprofil_id, sonderablauf_id, spare_part_class_code_id, sparte_id, temperaturbedingung_id, uebersetzungsstatus_id, vertriebsweg_id, werk_1_id, werk_2_id, werk_3_id, werk_4_id, zuteilung_id) FROM stdin;
1	90	fn251	t1wVz	8EsZW	P0syI	ogpqX	V22O7	986E1	Rmp5Q	xoHxu	KG	96	66	mWFuiHpTpaoaE	VHOhKiQunDdAAEqW	4	11	SHyMQlSF3Sj7	6n9w0hQEevajlQxGV3	52	t	f	61	18	38	MM	5	40	27	55	CH	65	39	t	LIwgl	ie4noJEsBndy8fgmb59qmqLnGeKoJP5YXF2UYBnr	6MOIjpSfSD8thvVKWvSnjCA1u8DkxfQBC1pJ8R1b	2svo1EwwVIankRLG1Q9dVuN1Bxsn5bFeQRSvHxzn	iAxCryOkNYzM3nnFYFN0R8MaVEe90qNRDn2XwyYr	ai9lp4Y9uIMaaVCkrCXSWS9Wf1kArI	h2UaFIe7WkMlx4xkmMoreFCeArnF2SL2qOJmoVu9	75XG	z4mgarNMib	sc9pj0hYS	en3HW	MQv6FiqM6R	y9w28pZHih	f	TXfpaLOyvK	f	f	M100		f	09221000-4	2qXV9WXyIZ	55G	false	rKuJsC7cin	ZVMVAZ8B2f	f	f	f	34	1	2	14	1	28	9	3	15	2	1	4	1	3	8	5	1	28	4	1	1	1	2
2	78	xpd2T	hTvVt	aaG4a	7Yma9	Zws3Y	toDGg	YmVNZ	GrIvg	7KKl1	KG	10	46	LCTRYd4J4B5Fa	2Y1UhDQ8IKkGm7YG	59	40	ocrFHluQBdyo	Je1modICQg0d1PmQxz	48	t	t	77	7	29	MM	90	48	20	64	CH	61	56	t	2WGvL	5Ya6giRHC6MTRS3EafhakJjz8gjDSmLlhuqlltfk	4sUxnbdDFaJ4SI2TLYuwUpfqGCMn8tZM7PJWe5ZI	1A7YWBRJKPi1ziJQ9xXOKq4cDcfr0ZX0tpR0uVJe	U36HO9I7rvqY4WFvgzfBwRetOs1Trh1yAH65ec24	gjgatwS6dXDA1Sx7drgWYmTPd1oafy	abNUsxwmJHmsY9ltlbIgvNu2Vm3uSQ2k74CCVJ38	flQ0	s6vg49X7tH	RTnqVtlPo	bgMDk	8t8yWA08mY	nq6Cuq6l3A	t	xB1XcfcQjd	t	f	M100		f	09221000-4	wHsHjDxRE7	55G	false	BI6jFsHI2f	EdNnfwOh9P	f	t	f	25	1	1	5	5	12	7	1	15	1	2	3	1	4	1	3	3	30	4	2	4	3	4
3	6	MJRti	GAKAK	183F4	hHOeU	ip53F	1NjHh	1muoM	R0TI9	DQTfv	KG	56	75	xhlpbTF6irsJi	MvMwuv2d7xpbR275	6	82	wmzxg3qif4EI	uCKdmbp3pJNKUD3yzU	56	f	t	80	48	38	MM	82	94	93	96	CH	8	88	t	CkpLH	L8uctDmj2uKRm3HIhU8gF9srPI7fXY26B7JNep6r	5b2EXtCt5UvhI8sjpMln6z3a4KFtaOJONlPTGAx5	IDGfjvtOLdrI5GL0AxIsa3P0rRrDcdJu8olnuxv4	nrG9HZJbYkZpKDdCANMQMVe1nfR59s3Iaan7sBRG	3V9LIFuOwUTt3XPJG78IqFkPJj2G63	ucjYKsl8s0nb1aHVandW5W8DK9HOI7twpesTEDZR	4fmL	arLx4s819k	BAPu2GF80	LFjWj	54iWZZdOU7	UJCYvBynyH	t	2bUsg2Vm8K	t	t	M100		t	09221000-4	lo0tbubMMI	55G	false	6lWhamwwcl	AsFvYJ3G94	f	f	f	39	2	1	2	3	21	7	3	10	1	1	2	2	4	4	4	1	24	2	3	1	3	4
4	52	sHscI	85NwS	rCxtJ	yos7X	YRYx8	N7F7D	beJIC	8YyVf	YsrcZ	KG	32	38	IFrZysjAEj6Cw	PhbSSfkFVUlsn9bQ	69	51	XuTotj78v6Eu	dBptSNh8mJekKE5mxL	9	t	t	84	95	60	MM	75	42	13	54	CH	3	65	f	6Ngwd	Sfduz9yqWaXVVQUUKfV4nCusJxGeYZ38gO7Z8cfq	Em2aI4IjTioBqNIaSt40bY6InLwuhqwCXQmGDLXj	aWMcK25kfjeei8tSafYsRweTW67U4SbDB7uRjPws	ELrnatOFWTBkwWgex2rroc9aAVdOaDnRi9nvecJi	yw89vdCay5whvvgtBCYJIgtoEedMJX	wthcZNpUt5tJdOnlWADll4NlLDsmReoTGSf2Kctc	rAnp	xv6AIOzK2X	lnOpdlKBE	4ygKg	EQirUuTCkZ	QaksyL0MSQ	f	5PmWRpoHoE	f	t	M100		f	09221000-4	Ah4au7qwir	55G	false	J4CpR8yN7E	ApPnNJU17n	f	t	t	37	1	3	7	6	11	38	3	9	1	2	1	2	2	7	4	3	21	1	4	1	2	3
5	5	N2HeH	kb1sN	Z0DU9	6rLur	L5hwM	Vo39h	OiaYq	z4Bh1	5NZeP	KG	54	80	y4jS4prUMjN1X	xh3v7yoWUodc4Yiq	84	19	CohGaOrCCLhZ	TI7VLOLXPem141QwX6	86	t	t	16	69	65	MM	10	64	100	24	CH	28	31	t	N0L5C	9R5G9nNOD9AEPPoPp2rhWqWBhZobGaj4MCwRLKPZ	RWDbdy94ptqq5zj6F5MMMIueUIGEllFTtoNRHM5R	tZiFgwAhw9bTX7qY3B4OxwISPworFbPwOgt44oeA	GssQKNoWFwjNgOk8Q2pu8rfEbF8e8eUrJrMwcBZf	VcdTngm7JjKoHzPqZdUcHQ7NrJb2Jd	5oB9MBX2XCgbRoVa2eTnSnwU62aaxguoxsDe7m9o	Yizg	x2EzSG4kFQ	8BjxkHd4d	1Gayb	e8oP9DCFxu	Dsb2dIsmF3	t	lKMJNUcvz3	f	f	M100		t	09221000-4	3q6EkewnXf	55G	true	R4EjKn9KSb	Ek8mHdY425	f	f	t	41	2	2	9	4	6	33	2	4	1	3	1	2	3	9	3	3	22	3	2	4	1	1
\.


--
-- Data for Name: b11_1_materialart; Type: TABLE DATA; Schema: public; Owner: b11-1_user
--

COPY public.b11_1_materialart (id, text) FROM stdin;
1	V001
2	V002
3	V003
4	V005
5	V006
6	V007
7	V008
8	V009
9	V010
10	V011
11	V012
12	V013
13	V014
14	V015
15	V016
16	V017
17	V099
\.


--
-- Data for Name: b11_1_materialzustandsverwaltung; Type: TABLE DATA; Schema: public; Owner: b11-1_user
--

COPY public.b11_1_materialzustandsverwaltung (id, text) FROM stdin;
1	1
2	2
\.


--
-- Data for Name: b11_1_rueckfuehrungscode; Type: TABLE DATA; Schema: public; Owner: b11-1_user
--

COPY public.b11_1_rueckfuehrungscode (id, text) FROM stdin;
1	R
2	N
3	V
\.


--
-- Data for Name: b11_1_serialnummerprofil; Type: TABLE DATA; Schema: public; Owner: b11-1_user
--

COPY public.b11_1_serialnummerprofil (id, text) FROM stdin;
1	ZM01
2	ZM02
3	ZM03
4	ZM05
\.


--
-- Data for Name: b11_1_sonderablauf; Type: TABLE DATA; Schema: public; Owner: b11-1_user
--

COPY public.b11_1_sonderablauf (id, text) FROM stdin;
1	M
2	N
\.


--
-- Data for Name: b11_1_sparepartclasscode; Type: TABLE DATA; Schema: public; Owner: b11-1_user
--

COPY public.b11_1_sparepartclasscode (id, text) FROM stdin;
1	0
2	1
3	2
4	6
\.


--
-- Data for Name: b11_1_sparte; Type: TABLE DATA; Schema: public; Owner: b11-1_user
--

COPY public.b11_1_sparte (id, text) FROM stdin;
1	V0
2	V1
3	V2
4	V3
5	V4
6	V5
7	V6
8	V7
9	V8
\.


--
-- Data for Name: b11_1_temperaturbedingung; Type: TABLE DATA; Schema: public; Owner: b11-1_user
--

COPY public.b11_1_temperaturbedingung (id, text) FROM stdin;
1	00
2	01
3	02
4	03
5	04
\.


--
-- Data for Name: b11_1_uebersetzungsstatus; Type: TABLE DATA; Schema: public; Owner: b11-1_user
--

COPY public.b11_1_uebersetzungsstatus (id, text) FROM stdin;
1	P
2	U
3	N
\.


--
-- Data for Name: b11_1_vertriebsweg; Type: TABLE DATA; Schema: public; Owner: b11-1_user
--

COPY public.b11_1_vertriebsweg (id, text) FROM stdin;
1	A1
2	A2
3	A3
4	A4
5	A5
6	A6
7	I1
8	M1
9	MP
10	O1
11	P1
12	S1
13	S2
14	S3
15	S4
16	S5
17	S7
18	S8
19	S9
20	SM
21	T1
22	TA
23	TB
24	TC
25	TD
26	TE
27	TL
28	TM
29	TO
30	TQ
31	TV
32	TZ
33	U1
34	U2
35	V0
\.


--
-- Data for Name: b11_1_view_gd; Type: TABLE DATA; Schema: public; Owner: b11-1_user
--

COPY public.b11_1_view_gd (id, begru, materialart_grunddaten, sparte, produkthierarchie, materialzustandsverwaltung, rueckfuehrungscode, serialnummerprofil, spare_part_class_code, hersteller_nr_gp, warengruppe, uebersetzungsstatus, endbevorratet, revision_fremd, revision_eigen, zertifiziert_fuer_flug, a_nummer, verteilung_an_psd, verteilung_an_ruag) FROM stdin;
\.


--
-- Data for Name: b11_1_view_il; Type: TABLE DATA; Schema: public; Owner: b11-1_user
--

COPY public.b11_1_view_il (id, positions_nr, kurztext_de, kurztext_fr, kurztext_en, grunddatentext_de_1_zeile, grunddatentext_de_2_zeile, grunddatentext_fr_1_zeile, grunddatentext_fr_2_zeile, grunddatentext_en_1_zeile, grunddatentext_en_2_zeile, basismengeneinheit, bruttogewicht, gewichtseinheit, nettogewicht, groesse_abmessung, ean_upc_code, nato_stock_number, nsn_gruppe_klasse, nato_versorgungs_nr, herstellerteilenummer, normbezeichnung, gefahrgutkennzeichen, instandsetzbar, chargenpflicht, bestellmengeneinheit, mindestbestellmenge, lieferzeit, einheit_l_b_h, laenge, breite, hoehe, preis, waehrung, preiseinheit, lagerfaehigkeit, exportkontrollauflage, cage_code, hersteller_name, hersteller_adresse, hersteller_plz, hersteller_ort, revision, bemerkung) FROM stdin;
\.


--
-- Data for Name: b11_1_view_sm_da; Type: TABLE DATA; Schema: public; Owner: b11-1_user
--

COPY public.b11_1_view_sm_da (id, werk_1, werk_2, werk_3, werk_4, allgemeine_positionstypengruppe, verkaufsorg, vertriebsweg, fuehrendes_material, auszeichnungsfeld, cpv_code, fertigungssteuerer, kennzeichen_komplexes_system, sonderablauf, temperaturbedingung, bewertungsklasse, systemmanager, kennziffer_bamf, mietrelevanz, next_higher_assembly, nachschubklasse, verteilung_apm_kerda, verteilung_svsaa, verteilung_cheops, zuteilung, auspraegung) FROM stdin;
\.


--
-- Data for Name: b11_1_werk_1; Type: TABLE DATA; Schema: public; Owner: b11-1_user
--

COPY public.b11_1_werk_1 (id, text) FROM stdin;
1	0420
2	0430
3	0440
4	0800
\.


--
-- Data for Name: b11_1_werk_2; Type: TABLE DATA; Schema: public; Owner: b11-1_user
--

COPY public.b11_1_werk_2 (id, text) FROM stdin;
1	0420
2	0430
3	0440
4	0800
\.


--
-- Data for Name: b11_1_werk_3; Type: TABLE DATA; Schema: public; Owner: b11-1_user
--

COPY public.b11_1_werk_3 (id, text) FROM stdin;
1	0420
2	0430
3	0440
4	0800
\.


--
-- Data for Name: b11_1_werk_4; Type: TABLE DATA; Schema: public; Owner: b11-1_user
--

COPY public.b11_1_werk_4 (id, text) FROM stdin;
1	0420
2	0430
3	0440
4	0800
\.


--
-- Data for Name: b11_1_zuteilung; Type: TABLE DATA; Schema: public; Owner: b11-1_user
--

COPY public.b11_1_zuteilung (id, text) FROM stdin;
1	BM
2	TRP
3	MKZ
4	PRD
\.


--
-- Data for Name: django_admin_log; Type: TABLE DATA; Schema: public; Owner: b11-1_user
--

COPY public.django_admin_log (id, action_time, object_id, object_repr, action_flag, change_message, content_type_id, user_id) FROM stdin;
\.


--
-- Data for Name: django_content_type; Type: TABLE DATA; Schema: public; Owner: b11-1_user
--

COPY public.django_content_type (id, app_label, model) FROM stdin;
1	admin	logentry
2	auth	permission
3	auth	group
4	auth	user
5	contenttypes	contenttype
6	sessions	session
7	b11_1	view_gd
8	b11_1	view_il
9	b11_1	view_sm_da
10	b11_1	bewertungsklasse
11	b11_1	sparepartclasscode
12	b11_1	serialnummerprofil
13	b11_1	material
14	b11_1	werk_4
15	b11_1	vertriebsweg
16	b11_1	uebersetzungsstatus
17	b11_1	basismengeneinheit
18	b11_1	materialzustandsverwaltung
19	b11_1	temperaturbedingung
20	b11_1	auszeichnungsfeld
21	b11_1	gefahrgutkennzeichen
22	b11_1	werk_2
23	b11_1	werk_1
24	b11_1	begru
25	b11_1	auspraegung
26	b11_1	materialart
27	b11_1	rueckfuehrungscode
28	b11_1	allgemeinepositionstypengruppe
29	b11_1	fertigungssteuerer
30	b11_1	werk_3
31	b11_1	zuteilung
32	b11_1	sparte
33	b11_1	sonderablauf
\.


--
-- Data for Name: django_migrations; Type: TABLE DATA; Schema: public; Owner: b11-1_user
--

COPY public.django_migrations (id, app, name, applied) FROM stdin;
1	contenttypes	0001_initial	2024-06-28 16:04:22.865274+02
2	auth	0001_initial	2024-06-28 16:04:22.903659+02
3	admin	0001_initial	2024-06-28 16:04:22.915938+02
4	admin	0002_logentry_remove_auto_add	2024-06-28 16:04:22.922008+02
5	admin	0003_logentry_add_action_flag_choices	2024-06-28 16:04:22.953692+02
6	contenttypes	0002_remove_content_type_name	2024-06-28 16:04:22.964396+02
7	auth	0002_alter_permission_name_max_length	2024-06-28 16:04:22.969778+02
8	auth	0003_alter_user_email_max_length	2024-06-28 16:04:22.97497+02
9	auth	0004_alter_user_username_opts	2024-06-28 16:04:22.979701+02
10	auth	0005_alter_user_last_login_null	2024-06-28 16:04:22.984849+02
11	auth	0006_require_contenttypes_0002	2024-06-28 16:04:22.985708+02
12	auth	0007_alter_validators_add_error_messages	2024-06-28 16:04:22.990464+02
13	auth	0008_alter_user_username_max_length	2024-06-28 16:04:23.000153+02
14	auth	0009_alter_user_last_name_max_length	2024-06-28 16:04:23.005582+02
15	auth	0010_alter_group_name_max_length	2024-06-28 16:04:23.011416+02
16	auth	0011_update_proxy_permissions	2024-06-28 16:04:23.016515+02
17	auth	0012_alter_user_first_name_max_length	2024-06-28 16:04:23.021956+02
18	sessions	0001_initial	2024-06-28 16:04:23.027639+02
19	b11_1	0001_initial	2024-06-28 16:04:33.678244+02
\.


--
-- Data for Name: django_session; Type: TABLE DATA; Schema: public; Owner: b11-1_user
--

COPY public.django_session (session_key, session_data, expire_date) FROM stdin;
ls73dlomg53nuyxbdt7twgc5f6sqgi8t	.eJxVjMsOwiAQRf-FtSFQwsule7-BzMCMVA0kpV0Z_12bdKHbe865L5FgW2vaBi1pLuIsrDj9bgj5QW0H5Q7t1mXubV1mlLsiDzrktRd6Xg7376DCqN_aTdEqa5A5MGhHqE3QMTgfS_HM2bOKCpVjJB0IzOSMRvSqGAajLYn3B-KLOAw:1sNCFL:ERD_J2SyqqBMM_HaQl4xYVjlzLsiywVRiKtWnvYkd_A	2024-07-12 16:06:39.726763+02
\.


--
-- Name: auth_group_id_seq; Type: SEQUENCE SET; Schema: public; Owner: b11-1_user
--

SELECT pg_catalog.setval('public.auth_group_id_seq', 3, true);


--
-- Name: auth_group_permissions_id_seq; Type: SEQUENCE SET; Schema: public; Owner: b11-1_user
--

SELECT pg_catalog.setval('public.auth_group_permissions_id_seq', 1, false);


--
-- Name: auth_permission_id_seq; Type: SEQUENCE SET; Schema: public; Owner: b11-1_user
--

SELECT pg_catalog.setval('public.auth_permission_id_seq', 132, true);


--
-- Name: auth_user_groups_id_seq; Type: SEQUENCE SET; Schema: public; Owner: b11-1_user
--

SELECT pg_catalog.setval('public.auth_user_groups_id_seq', 9, true);


--
-- Name: auth_user_id_seq; Type: SEQUENCE SET; Schema: public; Owner: b11-1_user
--

SELECT pg_catalog.setval('public.auth_user_id_seq', 10, true);


--
-- Name: auth_user_user_permissions_id_seq; Type: SEQUENCE SET; Schema: public; Owner: b11-1_user
--

SELECT pg_catalog.setval('public.auth_user_user_permissions_id_seq', 1, false);


--
-- Name: b11_1_allgemeinepositionstypengruppe_id_seq; Type: SEQUENCE SET; Schema: public; Owner: b11-1_user
--

SELECT pg_catalog.setval('public.b11_1_allgemeinepositionstypengruppe_id_seq', 52, true);


--
-- Name: b11_1_auspraegung_id_seq; Type: SEQUENCE SET; Schema: public; Owner: b11-1_user
--

SELECT pg_catalog.setval('public.b11_1_auspraegung_id_seq', 4, true);


--
-- Name: b11_1_auszeichnungsfeld_id_seq; Type: SEQUENCE SET; Schema: public; Owner: b11-1_user
--

SELECT pg_catalog.setval('public.b11_1_auszeichnungsfeld_id_seq', 3, true);


--
-- Name: b11_1_basismengeneinheit_id_seq; Type: SEQUENCE SET; Schema: public; Owner: b11-1_user
--

SELECT pg_catalog.setval('public.b11_1_basismengeneinheit_id_seq', 26, true);


--
-- Name: b11_1_begru_id_seq; Type: SEQUENCE SET; Schema: public; Owner: b11-1_user
--

SELECT pg_catalog.setval('public.b11_1_begru_id_seq', 7, true);


--
-- Name: b11_1_bewertungsklasse_id_seq; Type: SEQUENCE SET; Schema: public; Owner: b11-1_user
--

SELECT pg_catalog.setval('public.b11_1_bewertungsklasse_id_seq', 31, true);


--
-- Name: b11_1_fertigungssteuerer_id_seq; Type: SEQUENCE SET; Schema: public; Owner: b11-1_user
--

SELECT pg_catalog.setval('public.b11_1_fertigungssteuerer_id_seq', 38, true);


--
-- Name: b11_1_gefahrgutkennzeichen_id_seq; Type: SEQUENCE SET; Schema: public; Owner: b11-1_user
--

SELECT pg_catalog.setval('public.b11_1_gefahrgutkennzeichen_id_seq', 3, true);


--
-- Name: b11_1_material_id_seq; Type: SEQUENCE SET; Schema: public; Owner: b11-1_user
--

SELECT pg_catalog.setval('public.b11_1_material_id_seq', 5, true);


--
-- Name: b11_1_materialart_id_seq; Type: SEQUENCE SET; Schema: public; Owner: b11-1_user
--

SELECT pg_catalog.setval('public.b11_1_materialart_id_seq', 17, true);


--
-- Name: b11_1_materialzustandsverwaltung_id_seq; Type: SEQUENCE SET; Schema: public; Owner: b11-1_user
--

SELECT pg_catalog.setval('public.b11_1_materialzustandsverwaltung_id_seq', 2, true);


--
-- Name: b11_1_rueckfuehrungscode_id_seq; Type: SEQUENCE SET; Schema: public; Owner: b11-1_user
--

SELECT pg_catalog.setval('public.b11_1_rueckfuehrungscode_id_seq', 3, true);


--
-- Name: b11_1_serialnummerprofil_id_seq; Type: SEQUENCE SET; Schema: public; Owner: b11-1_user
--

SELECT pg_catalog.setval('public.b11_1_serialnummerprofil_id_seq', 4, true);


--
-- Name: b11_1_sonderablauf_id_seq; Type: SEQUENCE SET; Schema: public; Owner: b11-1_user
--

SELECT pg_catalog.setval('public.b11_1_sonderablauf_id_seq', 2, true);


--
-- Name: b11_1_sparepartclasscode_id_seq; Type: SEQUENCE SET; Schema: public; Owner: b11-1_user
--

SELECT pg_catalog.setval('public.b11_1_sparepartclasscode_id_seq', 4, true);


--
-- Name: b11_1_sparte_id_seq; Type: SEQUENCE SET; Schema: public; Owner: b11-1_user
--

SELECT pg_catalog.setval('public.b11_1_sparte_id_seq', 9, true);


--
-- Name: b11_1_temperaturbedingung_id_seq; Type: SEQUENCE SET; Schema: public; Owner: b11-1_user
--

SELECT pg_catalog.setval('public.b11_1_temperaturbedingung_id_seq', 5, true);


--
-- Name: b11_1_uebersetzungsstatus_id_seq; Type: SEQUENCE SET; Schema: public; Owner: b11-1_user
--

SELECT pg_catalog.setval('public.b11_1_uebersetzungsstatus_id_seq', 3, true);


--
-- Name: b11_1_vertriebsweg_id_seq; Type: SEQUENCE SET; Schema: public; Owner: b11-1_user
--

SELECT pg_catalog.setval('public.b11_1_vertriebsweg_id_seq', 35, true);


--
-- Name: b11_1_view_gd_id_seq; Type: SEQUENCE SET; Schema: public; Owner: b11-1_user
--

SELECT pg_catalog.setval('public.b11_1_view_gd_id_seq', 1, false);


--
-- Name: b11_1_view_il_id_seq; Type: SEQUENCE SET; Schema: public; Owner: b11-1_user
--

SELECT pg_catalog.setval('public.b11_1_view_il_id_seq', 1, false);


--
-- Name: b11_1_view_sm_da_id_seq; Type: SEQUENCE SET; Schema: public; Owner: b11-1_user
--

SELECT pg_catalog.setval('public.b11_1_view_sm_da_id_seq', 1, false);


--
-- Name: b11_1_werk_1_id_seq; Type: SEQUENCE SET; Schema: public; Owner: b11-1_user
--

SELECT pg_catalog.setval('public.b11_1_werk_1_id_seq', 4, true);


--
-- Name: b11_1_werk_2_id_seq; Type: SEQUENCE SET; Schema: public; Owner: b11-1_user
--

SELECT pg_catalog.setval('public.b11_1_werk_2_id_seq', 4, true);


--
-- Name: b11_1_werk_3_id_seq; Type: SEQUENCE SET; Schema: public; Owner: b11-1_user
--

SELECT pg_catalog.setval('public.b11_1_werk_3_id_seq', 4, true);


--
-- Name: b11_1_werk_4_id_seq; Type: SEQUENCE SET; Schema: public; Owner: b11-1_user
--

SELECT pg_catalog.setval('public.b11_1_werk_4_id_seq', 4, true);


--
-- Name: b11_1_zuteilung_id_seq; Type: SEQUENCE SET; Schema: public; Owner: b11-1_user
--

SELECT pg_catalog.setval('public.b11_1_zuteilung_id_seq', 4, true);


--
-- Name: django_admin_log_id_seq; Type: SEQUENCE SET; Schema: public; Owner: b11-1_user
--

SELECT pg_catalog.setval('public.django_admin_log_id_seq', 1, false);


--
-- Name: django_content_type_id_seq; Type: SEQUENCE SET; Schema: public; Owner: b11-1_user
--

SELECT pg_catalog.setval('public.django_content_type_id_seq', 33, true);


--
-- Name: django_migrations_id_seq; Type: SEQUENCE SET; Schema: public; Owner: b11-1_user
--

SELECT pg_catalog.setval('public.django_migrations_id_seq', 19, true);


--
-- Name: auth_group auth_group_name_key; Type: CONSTRAINT; Schema: public; Owner: b11-1_user
--

ALTER TABLE ONLY public.auth_group
    ADD CONSTRAINT auth_group_name_key UNIQUE (name);


--
-- Name: auth_group_permissions auth_group_permissions_group_id_permission_id_0cd325b0_uniq; Type: CONSTRAINT; Schema: public; Owner: b11-1_user
--

ALTER TABLE ONLY public.auth_group_permissions
    ADD CONSTRAINT auth_group_permissions_group_id_permission_id_0cd325b0_uniq UNIQUE (group_id, permission_id);


--
-- Name: auth_group_permissions auth_group_permissions_pkey; Type: CONSTRAINT; Schema: public; Owner: b11-1_user
--

ALTER TABLE ONLY public.auth_group_permissions
    ADD CONSTRAINT auth_group_permissions_pkey PRIMARY KEY (id);


--
-- Name: auth_group auth_group_pkey; Type: CONSTRAINT; Schema: public; Owner: b11-1_user
--

ALTER TABLE ONLY public.auth_group
    ADD CONSTRAINT auth_group_pkey PRIMARY KEY (id);


--
-- Name: auth_permission auth_permission_content_type_id_codename_01ab375a_uniq; Type: CONSTRAINT; Schema: public; Owner: b11-1_user
--

ALTER TABLE ONLY public.auth_permission
    ADD CONSTRAINT auth_permission_content_type_id_codename_01ab375a_uniq UNIQUE (content_type_id, codename);


--
-- Name: auth_permission auth_permission_pkey; Type: CONSTRAINT; Schema: public; Owner: b11-1_user
--

ALTER TABLE ONLY public.auth_permission
    ADD CONSTRAINT auth_permission_pkey PRIMARY KEY (id);


--
-- Name: auth_user_groups auth_user_groups_pkey; Type: CONSTRAINT; Schema: public; Owner: b11-1_user
--

ALTER TABLE ONLY public.auth_user_groups
    ADD CONSTRAINT auth_user_groups_pkey PRIMARY KEY (id);


--
-- Name: auth_user_groups auth_user_groups_user_id_group_id_94350c0c_uniq; Type: CONSTRAINT; Schema: public; Owner: b11-1_user
--

ALTER TABLE ONLY public.auth_user_groups
    ADD CONSTRAINT auth_user_groups_user_id_group_id_94350c0c_uniq UNIQUE (user_id, group_id);


--
-- Name: auth_user auth_user_pkey; Type: CONSTRAINT; Schema: public; Owner: b11-1_user
--

ALTER TABLE ONLY public.auth_user
    ADD CONSTRAINT auth_user_pkey PRIMARY KEY (id);


--
-- Name: auth_user_user_permissions auth_user_user_permissions_pkey; Type: CONSTRAINT; Schema: public; Owner: b11-1_user
--

ALTER TABLE ONLY public.auth_user_user_permissions
    ADD CONSTRAINT auth_user_user_permissions_pkey PRIMARY KEY (id);


--
-- Name: auth_user_user_permissions auth_user_user_permissions_user_id_permission_id_14a6b632_uniq; Type: CONSTRAINT; Schema: public; Owner: b11-1_user
--

ALTER TABLE ONLY public.auth_user_user_permissions
    ADD CONSTRAINT auth_user_user_permissions_user_id_permission_id_14a6b632_uniq UNIQUE (user_id, permission_id);


--
-- Name: auth_user auth_user_username_key; Type: CONSTRAINT; Schema: public; Owner: b11-1_user
--

ALTER TABLE ONLY public.auth_user
    ADD CONSTRAINT auth_user_username_key UNIQUE (username);


--
-- Name: b11_1_allgemeinepositionstypengruppe b11_1_allgemeinepositionstypengruppe_pkey; Type: CONSTRAINT; Schema: public; Owner: b11-1_user
--

ALTER TABLE ONLY public.b11_1_allgemeinepositionstypengruppe
    ADD CONSTRAINT b11_1_allgemeinepositionstypengruppe_pkey PRIMARY KEY (id);


--
-- Name: b11_1_auspraegung b11_1_auspraegung_pkey; Type: CONSTRAINT; Schema: public; Owner: b11-1_user
--

ALTER TABLE ONLY public.b11_1_auspraegung
    ADD CONSTRAINT b11_1_auspraegung_pkey PRIMARY KEY (id);


--
-- Name: b11_1_auszeichnungsfeld b11_1_auszeichnungsfeld_pkey; Type: CONSTRAINT; Schema: public; Owner: b11-1_user
--

ALTER TABLE ONLY public.b11_1_auszeichnungsfeld
    ADD CONSTRAINT b11_1_auszeichnungsfeld_pkey PRIMARY KEY (id);


--
-- Name: b11_1_basismengeneinheit b11_1_basismengeneinheit_pkey; Type: CONSTRAINT; Schema: public; Owner: b11-1_user
--

ALTER TABLE ONLY public.b11_1_basismengeneinheit
    ADD CONSTRAINT b11_1_basismengeneinheit_pkey PRIMARY KEY (id);


--
-- Name: b11_1_begru b11_1_begru_pkey; Type: CONSTRAINT; Schema: public; Owner: b11-1_user
--

ALTER TABLE ONLY public.b11_1_begru
    ADD CONSTRAINT b11_1_begru_pkey PRIMARY KEY (id);


--
-- Name: b11_1_bewertungsklasse b11_1_bewertungsklasse_pkey; Type: CONSTRAINT; Schema: public; Owner: b11-1_user
--

ALTER TABLE ONLY public.b11_1_bewertungsklasse
    ADD CONSTRAINT b11_1_bewertungsklasse_pkey PRIMARY KEY (id);


--
-- Name: b11_1_fertigungssteuerer b11_1_fertigungssteuerer_pkey; Type: CONSTRAINT; Schema: public; Owner: b11-1_user
--

ALTER TABLE ONLY public.b11_1_fertigungssteuerer
    ADD CONSTRAINT b11_1_fertigungssteuerer_pkey PRIMARY KEY (id);


--
-- Name: b11_1_gefahrgutkennzeichen b11_1_gefahrgutkennzeichen_pkey; Type: CONSTRAINT; Schema: public; Owner: b11-1_user
--

ALTER TABLE ONLY public.b11_1_gefahrgutkennzeichen
    ADD CONSTRAINT b11_1_gefahrgutkennzeichen_pkey PRIMARY KEY (id);


--
-- Name: b11_1_material b11_1_material_pkey; Type: CONSTRAINT; Schema: public; Owner: b11-1_user
--

ALTER TABLE ONLY public.b11_1_material
    ADD CONSTRAINT b11_1_material_pkey PRIMARY KEY (id);


--
-- Name: b11_1_materialart b11_1_materialart_pkey; Type: CONSTRAINT; Schema: public; Owner: b11-1_user
--

ALTER TABLE ONLY public.b11_1_materialart
    ADD CONSTRAINT b11_1_materialart_pkey PRIMARY KEY (id);


--
-- Name: b11_1_materialzustandsverwaltung b11_1_materialzustandsverwaltung_pkey; Type: CONSTRAINT; Schema: public; Owner: b11-1_user
--

ALTER TABLE ONLY public.b11_1_materialzustandsverwaltung
    ADD CONSTRAINT b11_1_materialzustandsverwaltung_pkey PRIMARY KEY (id);


--
-- Name: b11_1_rueckfuehrungscode b11_1_rueckfuehrungscode_pkey; Type: CONSTRAINT; Schema: public; Owner: b11-1_user
--

ALTER TABLE ONLY public.b11_1_rueckfuehrungscode
    ADD CONSTRAINT b11_1_rueckfuehrungscode_pkey PRIMARY KEY (id);


--
-- Name: b11_1_serialnummerprofil b11_1_serialnummerprofil_pkey; Type: CONSTRAINT; Schema: public; Owner: b11-1_user
--

ALTER TABLE ONLY public.b11_1_serialnummerprofil
    ADD CONSTRAINT b11_1_serialnummerprofil_pkey PRIMARY KEY (id);


--
-- Name: b11_1_sonderablauf b11_1_sonderablauf_pkey; Type: CONSTRAINT; Schema: public; Owner: b11-1_user
--

ALTER TABLE ONLY public.b11_1_sonderablauf
    ADD CONSTRAINT b11_1_sonderablauf_pkey PRIMARY KEY (id);


--
-- Name: b11_1_sparepartclasscode b11_1_sparepartclasscode_pkey; Type: CONSTRAINT; Schema: public; Owner: b11-1_user
--

ALTER TABLE ONLY public.b11_1_sparepartclasscode
    ADD CONSTRAINT b11_1_sparepartclasscode_pkey PRIMARY KEY (id);


--
-- Name: b11_1_sparte b11_1_sparte_pkey; Type: CONSTRAINT; Schema: public; Owner: b11-1_user
--

ALTER TABLE ONLY public.b11_1_sparte
    ADD CONSTRAINT b11_1_sparte_pkey PRIMARY KEY (id);


--
-- Name: b11_1_temperaturbedingung b11_1_temperaturbedingung_pkey; Type: CONSTRAINT; Schema: public; Owner: b11-1_user
--

ALTER TABLE ONLY public.b11_1_temperaturbedingung
    ADD CONSTRAINT b11_1_temperaturbedingung_pkey PRIMARY KEY (id);


--
-- Name: b11_1_uebersetzungsstatus b11_1_uebersetzungsstatus_pkey; Type: CONSTRAINT; Schema: public; Owner: b11-1_user
--

ALTER TABLE ONLY public.b11_1_uebersetzungsstatus
    ADD CONSTRAINT b11_1_uebersetzungsstatus_pkey PRIMARY KEY (id);


--
-- Name: b11_1_vertriebsweg b11_1_vertriebsweg_pkey; Type: CONSTRAINT; Schema: public; Owner: b11-1_user
--

ALTER TABLE ONLY public.b11_1_vertriebsweg
    ADD CONSTRAINT b11_1_vertriebsweg_pkey PRIMARY KEY (id);


--
-- Name: b11_1_view_gd b11_1_view_gd_pkey; Type: CONSTRAINT; Schema: public; Owner: b11-1_user
--

ALTER TABLE ONLY public.b11_1_view_gd
    ADD CONSTRAINT b11_1_view_gd_pkey PRIMARY KEY (id);


--
-- Name: b11_1_view_il b11_1_view_il_pkey; Type: CONSTRAINT; Schema: public; Owner: b11-1_user
--

ALTER TABLE ONLY public.b11_1_view_il
    ADD CONSTRAINT b11_1_view_il_pkey PRIMARY KEY (id);


--
-- Name: b11_1_view_sm_da b11_1_view_sm_da_pkey; Type: CONSTRAINT; Schema: public; Owner: b11-1_user
--

ALTER TABLE ONLY public.b11_1_view_sm_da
    ADD CONSTRAINT b11_1_view_sm_da_pkey PRIMARY KEY (id);


--
-- Name: b11_1_werk_1 b11_1_werk_1_pkey; Type: CONSTRAINT; Schema: public; Owner: b11-1_user
--

ALTER TABLE ONLY public.b11_1_werk_1
    ADD CONSTRAINT b11_1_werk_1_pkey PRIMARY KEY (id);


--
-- Name: b11_1_werk_2 b11_1_werk_2_pkey; Type: CONSTRAINT; Schema: public; Owner: b11-1_user
--

ALTER TABLE ONLY public.b11_1_werk_2
    ADD CONSTRAINT b11_1_werk_2_pkey PRIMARY KEY (id);


--
-- Name: b11_1_werk_3 b11_1_werk_3_pkey; Type: CONSTRAINT; Schema: public; Owner: b11-1_user
--

ALTER TABLE ONLY public.b11_1_werk_3
    ADD CONSTRAINT b11_1_werk_3_pkey PRIMARY KEY (id);


--
-- Name: b11_1_werk_4 b11_1_werk_4_pkey; Type: CONSTRAINT; Schema: public; Owner: b11-1_user
--

ALTER TABLE ONLY public.b11_1_werk_4
    ADD CONSTRAINT b11_1_werk_4_pkey PRIMARY KEY (id);


--
-- Name: b11_1_zuteilung b11_1_zuteilung_pkey; Type: CONSTRAINT; Schema: public; Owner: b11-1_user
--

ALTER TABLE ONLY public.b11_1_zuteilung
    ADD CONSTRAINT b11_1_zuteilung_pkey PRIMARY KEY (id);


--
-- Name: django_admin_log django_admin_log_pkey; Type: CONSTRAINT; Schema: public; Owner: b11-1_user
--

ALTER TABLE ONLY public.django_admin_log
    ADD CONSTRAINT django_admin_log_pkey PRIMARY KEY (id);


--
-- Name: django_content_type django_content_type_app_label_model_76bd3d3b_uniq; Type: CONSTRAINT; Schema: public; Owner: b11-1_user
--

ALTER TABLE ONLY public.django_content_type
    ADD CONSTRAINT django_content_type_app_label_model_76bd3d3b_uniq UNIQUE (app_label, model);


--
-- Name: django_content_type django_content_type_pkey; Type: CONSTRAINT; Schema: public; Owner: b11-1_user
--

ALTER TABLE ONLY public.django_content_type
    ADD CONSTRAINT django_content_type_pkey PRIMARY KEY (id);


--
-- Name: django_migrations django_migrations_pkey; Type: CONSTRAINT; Schema: public; Owner: b11-1_user
--

ALTER TABLE ONLY public.django_migrations
    ADD CONSTRAINT django_migrations_pkey PRIMARY KEY (id);


--
-- Name: django_session django_session_pkey; Type: CONSTRAINT; Schema: public; Owner: b11-1_user
--

ALTER TABLE ONLY public.django_session
    ADD CONSTRAINT django_session_pkey PRIMARY KEY (session_key);


--
-- Name: auth_group_name_a6ea08ec_like; Type: INDEX; Schema: public; Owner: b11-1_user
--

CREATE INDEX auth_group_name_a6ea08ec_like ON public.auth_group USING btree (name varchar_pattern_ops);


--
-- Name: auth_group_permissions_group_id_b120cbf9; Type: INDEX; Schema: public; Owner: b11-1_user
--

CREATE INDEX auth_group_permissions_group_id_b120cbf9 ON public.auth_group_permissions USING btree (group_id);


--
-- Name: auth_group_permissions_permission_id_84c5c92e; Type: INDEX; Schema: public; Owner: b11-1_user
--

CREATE INDEX auth_group_permissions_permission_id_84c5c92e ON public.auth_group_permissions USING btree (permission_id);


--
-- Name: auth_permission_content_type_id_2f476e4b; Type: INDEX; Schema: public; Owner: b11-1_user
--

CREATE INDEX auth_permission_content_type_id_2f476e4b ON public.auth_permission USING btree (content_type_id);


--
-- Name: auth_user_groups_group_id_97559544; Type: INDEX; Schema: public; Owner: b11-1_user
--

CREATE INDEX auth_user_groups_group_id_97559544 ON public.auth_user_groups USING btree (group_id);


--
-- Name: auth_user_groups_user_id_6a12ed8b; Type: INDEX; Schema: public; Owner: b11-1_user
--

CREATE INDEX auth_user_groups_user_id_6a12ed8b ON public.auth_user_groups USING btree (user_id);


--
-- Name: auth_user_user_permissions_permission_id_1fbb5f2c; Type: INDEX; Schema: public; Owner: b11-1_user
--

CREATE INDEX auth_user_user_permissions_permission_id_1fbb5f2c ON public.auth_user_user_permissions USING btree (permission_id);


--
-- Name: auth_user_user_permissions_user_id_a95ead1b; Type: INDEX; Schema: public; Owner: b11-1_user
--

CREATE INDEX auth_user_user_permissions_user_id_a95ead1b ON public.auth_user_user_permissions USING btree (user_id);


--
-- Name: auth_user_username_6821ab7c_like; Type: INDEX; Schema: public; Owner: b11-1_user
--

CREATE INDEX auth_user_username_6821ab7c_like ON public.auth_user USING btree (username varchar_pattern_ops);


--
-- Name: b11_1_material_allgemeine_positionstypengruppe_id_3f2b13d9; Type: INDEX; Schema: public; Owner: b11-1_user
--

CREATE INDEX b11_1_material_allgemeine_positionstypengruppe_id_3f2b13d9 ON public.b11_1_material USING btree (allgemeine_positionstypengruppe_id);


--
-- Name: b11_1_material_auspraegung_id_628a9dfb; Type: INDEX; Schema: public; Owner: b11-1_user
--

CREATE INDEX b11_1_material_auspraegung_id_628a9dfb ON public.b11_1_material USING btree (auspraegung_id);


--
-- Name: b11_1_material_auszeichnungsfeld_id_599c726c; Type: INDEX; Schema: public; Owner: b11-1_user
--

CREATE INDEX b11_1_material_auszeichnungsfeld_id_599c726c ON public.b11_1_material USING btree (auszeichnungsfeld_id);


--
-- Name: b11_1_material_basismengeneinheit_id_28a20b0b; Type: INDEX; Schema: public; Owner: b11-1_user
--

CREATE INDEX b11_1_material_basismengeneinheit_id_28a20b0b ON public.b11_1_material USING btree (basismengeneinheit_id);


--
-- Name: b11_1_material_begru_id_f2704af2; Type: INDEX; Schema: public; Owner: b11-1_user
--

CREATE INDEX b11_1_material_begru_id_f2704af2 ON public.b11_1_material USING btree (begru_id);


--
-- Name: b11_1_material_bewertungsklasse_id_9907b556; Type: INDEX; Schema: public; Owner: b11-1_user
--

CREATE INDEX b11_1_material_bewertungsklasse_id_9907b556 ON public.b11_1_material USING btree (bewertungsklasse_id);


--
-- Name: b11_1_material_fertigungssteuerer_id_4f218ce1; Type: INDEX; Schema: public; Owner: b11-1_user
--

CREATE INDEX b11_1_material_fertigungssteuerer_id_4f218ce1 ON public.b11_1_material USING btree (fertigungssteuerer_id);


--
-- Name: b11_1_material_gefahrgutkennzeichen_id_1ab2f6fa; Type: INDEX; Schema: public; Owner: b11-1_user
--

CREATE INDEX b11_1_material_gefahrgutkennzeichen_id_1ab2f6fa ON public.b11_1_material USING btree (gefahrgutkennzeichen_id);


--
-- Name: b11_1_material_materialart_grunddaten_id_e0186e37; Type: INDEX; Schema: public; Owner: b11-1_user
--

CREATE INDEX b11_1_material_materialart_grunddaten_id_e0186e37 ON public.b11_1_material USING btree (materialart_grunddaten_id);


--
-- Name: b11_1_material_materialzustandsverwaltung_id_3af02d9b; Type: INDEX; Schema: public; Owner: b11-1_user
--

CREATE INDEX b11_1_material_materialzustandsverwaltung_id_3af02d9b ON public.b11_1_material USING btree (materialzustandsverwaltung_id);


--
-- Name: b11_1_material_rueckfuehrungscode_id_120b3558; Type: INDEX; Schema: public; Owner: b11-1_user
--

CREATE INDEX b11_1_material_rueckfuehrungscode_id_120b3558 ON public.b11_1_material USING btree (rueckfuehrungscode_id);


--
-- Name: b11_1_material_serialnummerprofil_id_381c7d83; Type: INDEX; Schema: public; Owner: b11-1_user
--

CREATE INDEX b11_1_material_serialnummerprofil_id_381c7d83 ON public.b11_1_material USING btree (serialnummerprofil_id);


--
-- Name: b11_1_material_sonderablauf_id_764580fa; Type: INDEX; Schema: public; Owner: b11-1_user
--

CREATE INDEX b11_1_material_sonderablauf_id_764580fa ON public.b11_1_material USING btree (sonderablauf_id);


--
-- Name: b11_1_material_spare_part_class_code_id_034b8293; Type: INDEX; Schema: public; Owner: b11-1_user
--

CREATE INDEX b11_1_material_spare_part_class_code_id_034b8293 ON public.b11_1_material USING btree (spare_part_class_code_id);


--
-- Name: b11_1_material_sparte_id_09c7dec1; Type: INDEX; Schema: public; Owner: b11-1_user
--

CREATE INDEX b11_1_material_sparte_id_09c7dec1 ON public.b11_1_material USING btree (sparte_id);


--
-- Name: b11_1_material_temperaturbedingung_id_50968f9c; Type: INDEX; Schema: public; Owner: b11-1_user
--

CREATE INDEX b11_1_material_temperaturbedingung_id_50968f9c ON public.b11_1_material USING btree (temperaturbedingung_id);


--
-- Name: b11_1_material_uebersetzungsstatus_id_718f10a9; Type: INDEX; Schema: public; Owner: b11-1_user
--

CREATE INDEX b11_1_material_uebersetzungsstatus_id_718f10a9 ON public.b11_1_material USING btree (uebersetzungsstatus_id);


--
-- Name: b11_1_material_vertriebsweg_id_d0cfe577; Type: INDEX; Schema: public; Owner: b11-1_user
--

CREATE INDEX b11_1_material_vertriebsweg_id_d0cfe577 ON public.b11_1_material USING btree (vertriebsweg_id);


--
-- Name: b11_1_material_werk_1_id_36abddfd; Type: INDEX; Schema: public; Owner: b11-1_user
--

CREATE INDEX b11_1_material_werk_1_id_36abddfd ON public.b11_1_material USING btree (werk_1_id);


--
-- Name: b11_1_material_werk_2_id_0203c3cc; Type: INDEX; Schema: public; Owner: b11-1_user
--

CREATE INDEX b11_1_material_werk_2_id_0203c3cc ON public.b11_1_material USING btree (werk_2_id);


--
-- Name: b11_1_material_werk_3_id_6c62f484; Type: INDEX; Schema: public; Owner: b11-1_user
--

CREATE INDEX b11_1_material_werk_3_id_6c62f484 ON public.b11_1_material USING btree (werk_3_id);


--
-- Name: b11_1_material_werk_4_id_658566dd; Type: INDEX; Schema: public; Owner: b11-1_user
--

CREATE INDEX b11_1_material_werk_4_id_658566dd ON public.b11_1_material USING btree (werk_4_id);


--
-- Name: b11_1_material_zuteilung_id_7a8c0abe; Type: INDEX; Schema: public; Owner: b11-1_user
--

CREATE INDEX b11_1_material_zuteilung_id_7a8c0abe ON public.b11_1_material USING btree (zuteilung_id);


--
-- Name: django_admin_log_content_type_id_c4bce8eb; Type: INDEX; Schema: public; Owner: b11-1_user
--

CREATE INDEX django_admin_log_content_type_id_c4bce8eb ON public.django_admin_log USING btree (content_type_id);


--
-- Name: django_admin_log_user_id_c564eba6; Type: INDEX; Schema: public; Owner: b11-1_user
--

CREATE INDEX django_admin_log_user_id_c564eba6 ON public.django_admin_log USING btree (user_id);


--
-- Name: django_session_expire_date_a5c62663; Type: INDEX; Schema: public; Owner: b11-1_user
--

CREATE INDEX django_session_expire_date_a5c62663 ON public.django_session USING btree (expire_date);


--
-- Name: django_session_session_key_c0390e0f_like; Type: INDEX; Schema: public; Owner: b11-1_user
--

CREATE INDEX django_session_session_key_c0390e0f_like ON public.django_session USING btree (session_key varchar_pattern_ops);


--
-- Name: auth_group_permissions auth_group_permissio_permission_id_84c5c92e_fk_auth_perm; Type: FK CONSTRAINT; Schema: public; Owner: b11-1_user
--

ALTER TABLE ONLY public.auth_group_permissions
    ADD CONSTRAINT auth_group_permissio_permission_id_84c5c92e_fk_auth_perm FOREIGN KEY (permission_id) REFERENCES public.auth_permission(id) DEFERRABLE INITIALLY DEFERRED;


--
-- Name: auth_group_permissions auth_group_permissions_group_id_b120cbf9_fk_auth_group_id; Type: FK CONSTRAINT; Schema: public; Owner: b11-1_user
--

ALTER TABLE ONLY public.auth_group_permissions
    ADD CONSTRAINT auth_group_permissions_group_id_b120cbf9_fk_auth_group_id FOREIGN KEY (group_id) REFERENCES public.auth_group(id) DEFERRABLE INITIALLY DEFERRED;


--
-- Name: auth_permission auth_permission_content_type_id_2f476e4b_fk_django_co; Type: FK CONSTRAINT; Schema: public; Owner: b11-1_user
--

ALTER TABLE ONLY public.auth_permission
    ADD CONSTRAINT auth_permission_content_type_id_2f476e4b_fk_django_co FOREIGN KEY (content_type_id) REFERENCES public.django_content_type(id) DEFERRABLE INITIALLY DEFERRED;


--
-- Name: auth_user_groups auth_user_groups_group_id_97559544_fk_auth_group_id; Type: FK CONSTRAINT; Schema: public; Owner: b11-1_user
--

ALTER TABLE ONLY public.auth_user_groups
    ADD CONSTRAINT auth_user_groups_group_id_97559544_fk_auth_group_id FOREIGN KEY (group_id) REFERENCES public.auth_group(id) DEFERRABLE INITIALLY DEFERRED;


--
-- Name: auth_user_groups auth_user_groups_user_id_6a12ed8b_fk_auth_user_id; Type: FK CONSTRAINT; Schema: public; Owner: b11-1_user
--

ALTER TABLE ONLY public.auth_user_groups
    ADD CONSTRAINT auth_user_groups_user_id_6a12ed8b_fk_auth_user_id FOREIGN KEY (user_id) REFERENCES public.auth_user(id) DEFERRABLE INITIALLY DEFERRED;


--
-- Name: auth_user_user_permissions auth_user_user_permi_permission_id_1fbb5f2c_fk_auth_perm; Type: FK CONSTRAINT; Schema: public; Owner: b11-1_user
--

ALTER TABLE ONLY public.auth_user_user_permissions
    ADD CONSTRAINT auth_user_user_permi_permission_id_1fbb5f2c_fk_auth_perm FOREIGN KEY (permission_id) REFERENCES public.auth_permission(id) DEFERRABLE INITIALLY DEFERRED;


--
-- Name: auth_user_user_permissions auth_user_user_permissions_user_id_a95ead1b_fk_auth_user_id; Type: FK CONSTRAINT; Schema: public; Owner: b11-1_user
--

ALTER TABLE ONLY public.auth_user_user_permissions
    ADD CONSTRAINT auth_user_user_permissions_user_id_a95ead1b_fk_auth_user_id FOREIGN KEY (user_id) REFERENCES public.auth_user(id) DEFERRABLE INITIALLY DEFERRED;


--
-- Name: b11_1_material b11_1_material_allgemeine_positions_3f2b13d9_fk_b11_1_all; Type: FK CONSTRAINT; Schema: public; Owner: b11-1_user
--

ALTER TABLE ONLY public.b11_1_material
    ADD CONSTRAINT b11_1_material_allgemeine_positions_3f2b13d9_fk_b11_1_all FOREIGN KEY (allgemeine_positionstypengruppe_id) REFERENCES public.b11_1_allgemeinepositionstypengruppe(id) DEFERRABLE INITIALLY DEFERRED;


--
-- Name: b11_1_material b11_1_material_auspraegung_id_628a9dfb_fk_b11_1_auspraegung_id; Type: FK CONSTRAINT; Schema: public; Owner: b11-1_user
--

ALTER TABLE ONLY public.b11_1_material
    ADD CONSTRAINT b11_1_material_auspraegung_id_628a9dfb_fk_b11_1_auspraegung_id FOREIGN KEY (auspraegung_id) REFERENCES public.b11_1_auspraegung(id) DEFERRABLE INITIALLY DEFERRED;


--
-- Name: b11_1_material b11_1_material_auszeichnungsfeld_id_599c726c_fk_b11_1_aus; Type: FK CONSTRAINT; Schema: public; Owner: b11-1_user
--

ALTER TABLE ONLY public.b11_1_material
    ADD CONSTRAINT b11_1_material_auszeichnungsfeld_id_599c726c_fk_b11_1_aus FOREIGN KEY (auszeichnungsfeld_id) REFERENCES public.b11_1_auszeichnungsfeld(id) DEFERRABLE INITIALLY DEFERRED;


--
-- Name: b11_1_material b11_1_material_basismengeneinheit_i_28a20b0b_fk_b11_1_bas; Type: FK CONSTRAINT; Schema: public; Owner: b11-1_user
--

ALTER TABLE ONLY public.b11_1_material
    ADD CONSTRAINT b11_1_material_basismengeneinheit_i_28a20b0b_fk_b11_1_bas FOREIGN KEY (basismengeneinheit_id) REFERENCES public.b11_1_basismengeneinheit(id) DEFERRABLE INITIALLY DEFERRED;


--
-- Name: b11_1_material b11_1_material_begru_id_f2704af2_fk_b11_1_begru_id; Type: FK CONSTRAINT; Schema: public; Owner: b11-1_user
--

ALTER TABLE ONLY public.b11_1_material
    ADD CONSTRAINT b11_1_material_begru_id_f2704af2_fk_b11_1_begru_id FOREIGN KEY (begru_id) REFERENCES public.b11_1_begru(id) DEFERRABLE INITIALLY DEFERRED;


--
-- Name: b11_1_material b11_1_material_bewertungsklasse_id_9907b556_fk_b11_1_bew; Type: FK CONSTRAINT; Schema: public; Owner: b11-1_user
--

ALTER TABLE ONLY public.b11_1_material
    ADD CONSTRAINT b11_1_material_bewertungsklasse_id_9907b556_fk_b11_1_bew FOREIGN KEY (bewertungsklasse_id) REFERENCES public.b11_1_bewertungsklasse(id) DEFERRABLE INITIALLY DEFERRED;


--
-- Name: b11_1_material b11_1_material_fertigungssteuerer_i_4f218ce1_fk_b11_1_fer; Type: FK CONSTRAINT; Schema: public; Owner: b11-1_user
--

ALTER TABLE ONLY public.b11_1_material
    ADD CONSTRAINT b11_1_material_fertigungssteuerer_i_4f218ce1_fk_b11_1_fer FOREIGN KEY (fertigungssteuerer_id) REFERENCES public.b11_1_fertigungssteuerer(id) DEFERRABLE INITIALLY DEFERRED;


--
-- Name: b11_1_material b11_1_material_gefahrgutkennzeichen_1ab2f6fa_fk_b11_1_gef; Type: FK CONSTRAINT; Schema: public; Owner: b11-1_user
--

ALTER TABLE ONLY public.b11_1_material
    ADD CONSTRAINT b11_1_material_gefahrgutkennzeichen_1ab2f6fa_fk_b11_1_gef FOREIGN KEY (gefahrgutkennzeichen_id) REFERENCES public.b11_1_gefahrgutkennzeichen(id) DEFERRABLE INITIALLY DEFERRED;


--
-- Name: b11_1_material b11_1_material_materialart_grunddat_e0186e37_fk_b11_1_mat; Type: FK CONSTRAINT; Schema: public; Owner: b11-1_user
--

ALTER TABLE ONLY public.b11_1_material
    ADD CONSTRAINT b11_1_material_materialart_grunddat_e0186e37_fk_b11_1_mat FOREIGN KEY (materialart_grunddaten_id) REFERENCES public.b11_1_materialart(id) DEFERRABLE INITIALLY DEFERRED;


--
-- Name: b11_1_material b11_1_material_materialzustandsverw_3af02d9b_fk_b11_1_mat; Type: FK CONSTRAINT; Schema: public; Owner: b11-1_user
--

ALTER TABLE ONLY public.b11_1_material
    ADD CONSTRAINT b11_1_material_materialzustandsverw_3af02d9b_fk_b11_1_mat FOREIGN KEY (materialzustandsverwaltung_id) REFERENCES public.b11_1_materialzustandsverwaltung(id) DEFERRABLE INITIALLY DEFERRED;


--
-- Name: b11_1_material b11_1_material_rueckfuehrungscode_i_120b3558_fk_b11_1_rue; Type: FK CONSTRAINT; Schema: public; Owner: b11-1_user
--

ALTER TABLE ONLY public.b11_1_material
    ADD CONSTRAINT b11_1_material_rueckfuehrungscode_i_120b3558_fk_b11_1_rue FOREIGN KEY (rueckfuehrungscode_id) REFERENCES public.b11_1_rueckfuehrungscode(id) DEFERRABLE INITIALLY DEFERRED;


--
-- Name: b11_1_material b11_1_material_serialnummerprofil_i_381c7d83_fk_b11_1_ser; Type: FK CONSTRAINT; Schema: public; Owner: b11-1_user
--

ALTER TABLE ONLY public.b11_1_material
    ADD CONSTRAINT b11_1_material_serialnummerprofil_i_381c7d83_fk_b11_1_ser FOREIGN KEY (serialnummerprofil_id) REFERENCES public.b11_1_serialnummerprofil(id) DEFERRABLE INITIALLY DEFERRED;


--
-- Name: b11_1_material b11_1_material_sonderablauf_id_764580fa_fk_b11_1_son; Type: FK CONSTRAINT; Schema: public; Owner: b11-1_user
--

ALTER TABLE ONLY public.b11_1_material
    ADD CONSTRAINT b11_1_material_sonderablauf_id_764580fa_fk_b11_1_son FOREIGN KEY (sonderablauf_id) REFERENCES public.b11_1_sonderablauf(id) DEFERRABLE INITIALLY DEFERRED;


--
-- Name: b11_1_material b11_1_material_spare_part_class_cod_034b8293_fk_b11_1_spa; Type: FK CONSTRAINT; Schema: public; Owner: b11-1_user
--

ALTER TABLE ONLY public.b11_1_material
    ADD CONSTRAINT b11_1_material_spare_part_class_cod_034b8293_fk_b11_1_spa FOREIGN KEY (spare_part_class_code_id) REFERENCES public.b11_1_sparepartclasscode(id) DEFERRABLE INITIALLY DEFERRED;


--
-- Name: b11_1_material b11_1_material_sparte_id_09c7dec1_fk_b11_1_sparte_id; Type: FK CONSTRAINT; Schema: public; Owner: b11-1_user
--

ALTER TABLE ONLY public.b11_1_material
    ADD CONSTRAINT b11_1_material_sparte_id_09c7dec1_fk_b11_1_sparte_id FOREIGN KEY (sparte_id) REFERENCES public.b11_1_sparte(id) DEFERRABLE INITIALLY DEFERRED;


--
-- Name: b11_1_material b11_1_material_temperaturbedingung__50968f9c_fk_b11_1_tem; Type: FK CONSTRAINT; Schema: public; Owner: b11-1_user
--

ALTER TABLE ONLY public.b11_1_material
    ADD CONSTRAINT b11_1_material_temperaturbedingung__50968f9c_fk_b11_1_tem FOREIGN KEY (temperaturbedingung_id) REFERENCES public.b11_1_temperaturbedingung(id) DEFERRABLE INITIALLY DEFERRED;


--
-- Name: b11_1_material b11_1_material_uebersetzungsstatus__718f10a9_fk_b11_1_ueb; Type: FK CONSTRAINT; Schema: public; Owner: b11-1_user
--

ALTER TABLE ONLY public.b11_1_material
    ADD CONSTRAINT b11_1_material_uebersetzungsstatus__718f10a9_fk_b11_1_ueb FOREIGN KEY (uebersetzungsstatus_id) REFERENCES public.b11_1_uebersetzungsstatus(id) DEFERRABLE INITIALLY DEFERRED;


--
-- Name: b11_1_material b11_1_material_vertriebsweg_id_d0cfe577_fk_b11_1_ver; Type: FK CONSTRAINT; Schema: public; Owner: b11-1_user
--

ALTER TABLE ONLY public.b11_1_material
    ADD CONSTRAINT b11_1_material_vertriebsweg_id_d0cfe577_fk_b11_1_ver FOREIGN KEY (vertriebsweg_id) REFERENCES public.b11_1_vertriebsweg(id) DEFERRABLE INITIALLY DEFERRED;


--
-- Name: b11_1_material b11_1_material_werk_1_id_36abddfd_fk_b11_1_werk_1_id; Type: FK CONSTRAINT; Schema: public; Owner: b11-1_user
--

ALTER TABLE ONLY public.b11_1_material
    ADD CONSTRAINT b11_1_material_werk_1_id_36abddfd_fk_b11_1_werk_1_id FOREIGN KEY (werk_1_id) REFERENCES public.b11_1_werk_1(id) DEFERRABLE INITIALLY DEFERRED;


--
-- Name: b11_1_material b11_1_material_werk_2_id_0203c3cc_fk_b11_1_werk_2_id; Type: FK CONSTRAINT; Schema: public; Owner: b11-1_user
--

ALTER TABLE ONLY public.b11_1_material
    ADD CONSTRAINT b11_1_material_werk_2_id_0203c3cc_fk_b11_1_werk_2_id FOREIGN KEY (werk_2_id) REFERENCES public.b11_1_werk_2(id) DEFERRABLE INITIALLY DEFERRED;


--
-- Name: b11_1_material b11_1_material_werk_3_id_6c62f484_fk_b11_1_werk_3_id; Type: FK CONSTRAINT; Schema: public; Owner: b11-1_user
--

ALTER TABLE ONLY public.b11_1_material
    ADD CONSTRAINT b11_1_material_werk_3_id_6c62f484_fk_b11_1_werk_3_id FOREIGN KEY (werk_3_id) REFERENCES public.b11_1_werk_3(id) DEFERRABLE INITIALLY DEFERRED;


--
-- Name: b11_1_material b11_1_material_werk_4_id_658566dd_fk_b11_1_werk_4_id; Type: FK CONSTRAINT; Schema: public; Owner: b11-1_user
--

ALTER TABLE ONLY public.b11_1_material
    ADD CONSTRAINT b11_1_material_werk_4_id_658566dd_fk_b11_1_werk_4_id FOREIGN KEY (werk_4_id) REFERENCES public.b11_1_werk_4(id) DEFERRABLE INITIALLY DEFERRED;


--
-- Name: b11_1_material b11_1_material_zuteilung_id_7a8c0abe_fk_b11_1_zuteilung_id; Type: FK CONSTRAINT; Schema: public; Owner: b11-1_user
--

ALTER TABLE ONLY public.b11_1_material
    ADD CONSTRAINT b11_1_material_zuteilung_id_7a8c0abe_fk_b11_1_zuteilung_id FOREIGN KEY (zuteilung_id) REFERENCES public.b11_1_zuteilung(id) DEFERRABLE INITIALLY DEFERRED;


--
-- Name: django_admin_log django_admin_log_content_type_id_c4bce8eb_fk_django_co; Type: FK CONSTRAINT; Schema: public; Owner: b11-1_user
--

ALTER TABLE ONLY public.django_admin_log
    ADD CONSTRAINT django_admin_log_content_type_id_c4bce8eb_fk_django_co FOREIGN KEY (content_type_id) REFERENCES public.django_content_type(id) DEFERRABLE INITIALLY DEFERRED;


--
-- Name: django_admin_log django_admin_log_user_id_c564eba6_fk_auth_user_id; Type: FK CONSTRAINT; Schema: public; Owner: b11-1_user
--

ALTER TABLE ONLY public.django_admin_log
    ADD CONSTRAINT django_admin_log_user_id_c564eba6_fk_auth_user_id FOREIGN KEY (user_id) REFERENCES public.auth_user(id) DEFERRABLE INITIALLY DEFERRED;


--
-- PostgreSQL database dump complete
--

