[
{
    "model": "b11_1.begru",
    "pk": 1,
    "fields": {
        "text": "3000"
    }
},
{
    "model": "b11_1.begru",
    "pk": 2,
    "fields": {
        "text": "4000"
    }
},
{
    "model": "b11_1.begru",
    "pk": 3,
    "fields": {
        "text": "5000"
    }
},
{
    "model": "b11_1.begru",
    "pk": 4,
    "fields": {
        "text": "6000"
    }
},
{
    "model": "b11_1.begru",
    "pk": 5,
    "fields": {
        "text": "7000"
    }
},
{
    "model": "b11_1.begru",
    "pk": 6,
    "fields": {
        "text": "8000"
    }
},
{
    "model": "b11_1.begru",
    "pk": 7,
    "fields": {
        "text": "9000"
    }
},
{
    "model": "b11_1.basismengeneinheit",
    "pk": 1,
    "fields": {
        "text": "ST"
    }
},
{
    "model": "b11_1.basismengeneinheit",
    "pk": 2,
    "fields": {
        "text": "M"
    }
},
{
    "model": "b11_1.basismengeneinheit",
    "pk": 3,
    "fields": {
        "text": "KG"
    }
},
{
    "model": "b11_1.basismengeneinheit",
    "pk": 4,
    "fields": {
        "text": "PAA"
    }
},
{
    "model": "b11_1.basismengeneinheit",
    "pk": 5,
    "fields": {
        "text": "L"
    }
},
{
    "model": "b11_1.basismengeneinheit",
    "pk": 6,
    "fields": {
        "text": "LE"
    }
},
{
    "model": "b11_1.basismengeneinheit",
    "pk": 7,
    "fields": {
        "text": "T"
    }
},
{
    "model": "b11_1.basismengeneinheit",
    "pk": 8,
    "fields": {
        "text": "STD"
    }
},
{
    "model": "b11_1.basismengeneinheit",
    "pk": 9,
    "fields": {
        "text": "JHR"
    }
},
{
    "model": "b11_1.basismengeneinheit",
    "pk": 10,
    "fields": {
        "text": "GLL"
    }
},
{
    "model": "b11_1.basismengeneinheit",
    "pk": 11,
    "fields": {
        "text": "GLI"
    }
},
{
    "model": "b11_1.basismengeneinheit",
    "pk": 12,
    "fields": {
        "text": "TO"
    }
},
{
    "model": "b11_1.basismengeneinheit",
    "pk": 13,
    "fields": {
        "text": "G"
    }
},
{
    "model": "b11_1.basismengeneinheit",
    "pk": 14,
    "fields": {
        "text": "MG"
    }
},
{
    "model": "b11_1.basismengeneinheit",
    "pk": 15,
    "fields": {
        "text": "ML"
    }
},
{
    "model": "b11_1.basismengeneinheit",
    "pk": 16,
    "fields": {
        "text": "CM"
    }
},
{
    "model": "b11_1.basismengeneinheit",
    "pk": 17,
    "fields": {
        "text": "MM"
    }
},
{
    "model": "b11_1.basismengeneinheit",
    "pk": 18,
    "fields": {
        "text": "M2"
    }
},
{
    "model": "b11_1.basismengeneinheit",
    "pk": 19,
    "fields": {
        "text": "DM2"
    }
},
{
    "model": "b11_1.basismengeneinheit",
    "pk": 20,
    "fields": {
        "text": "CM2"
    }
},
{
    "model": "b11_1.basismengeneinheit",
    "pk": 21,
    "fields": {
        "text": "M3"
    }
},
{
    "model": "b11_1.basismengeneinheit",
    "pk": 22,
    "fields": {
        "text": "CDM"
    }
},
{
    "model": "b11_1.basismengeneinheit",
    "pk": 23,
    "fields": {
        "text": "CCM"
    }
},
{
    "model": "b11_1.basismengeneinheit",
    "pk": 24,
    "fields": {
        "text": "PT"
    }
},
{
    "model": "b11_1.basismengeneinheit",
    "pk": 25,
    "fields": {
        "text": "OZ"
    }
},
{
    "model": "b11_1.basismengeneinheit",
    "pk": 26,
    "fields": {
        "text": "LB"
    }
},
{
    "model": "b11_1.materialart",
    "pk": 1,
    "fields": {
        "text": "V001"
    }
},
{
    "model": "b11_1.materialart",
    "pk": 2,
    "fields": {
        "text": "V002"
    }
},
{
    "model": "b11_1.materialart",
    "pk": 3,
    "fields": {
        "text": "V003"
    }
},
{
    "model": "b11_1.materialart",
    "pk": 4,
    "fields": {
        "text": "V005"
    }
},
{
    "model": "b11_1.materialart",
    "pk": 5,
    "fields": {
        "text": "V006"
    }
},
{
    "model": "b11_1.materialart",
    "pk": 6,
    "fields": {
        "text": "V007"
    }
},
{
    "model": "b11_1.materialart",
    "pk": 7,
    "fields": {
        "text": "V008"
    }
},
{
    "model": "b11_1.materialart",
    "pk": 8,
    "fields": {
        "text": "V009"
    }
},
{
    "model": "b11_1.materialart",
    "pk": 9,
    "fields": {
        "text": "V010"
    }
},
{
    "model": "b11_1.materialart",
    "pk": 10,
    "fields": {
        "text": "V011"
    }
},
{
    "model": "b11_1.materialart",
    "pk": 11,
    "fields": {
        "text": "V012"
    }
},
{
    "model": "b11_1.materialart",
    "pk": 12,
    "fields": {
        "text": "V013"
    }
},
{
    "model": "b11_1.materialart",
    "pk": 13,
    "fields": {
        "text": "V014"
    }
},
{
    "model": "b11_1.materialart",
    "pk": 14,
    "fields": {
        "text": "V015"
    }
},
{
    "model": "b11_1.materialart",
    "pk": 15,
    "fields": {
        "text": "V016"
    }
},
{
    "model": "b11_1.materialart",
    "pk": 16,
    "fields": {
        "text": "V017"
    }
},
{
    "model": "b11_1.materialart",
    "pk": 17,
    "fields": {
        "text": "V099"
    }
},
{
    "model": "b11_1.sparte",
    "pk": 1,
    "fields": {
        "text": "V0"
    }
},
{
    "model": "b11_1.sparte",
    "pk": 2,
    "fields": {
        "text": "V1"
    }
},
{
    "model": "b11_1.sparte",
    "pk": 3,
    "fields": {
        "text": "V2"
    }
},
{
    "model": "b11_1.sparte",
    "pk": 4,
    "fields": {
        "text": "V3"
    }
},
{
    "model": "b11_1.sparte",
    "pk": 5,
    "fields": {
        "text": "V4"
    }
},
{
    "model": "b11_1.sparte",
    "pk": 6,
    "fields": {
        "text": "V5"
    }
},
{
    "model": "b11_1.sparte",
    "pk": 7,
    "fields": {
        "text": "V6"
    }
},
{
    "model": "b11_1.sparte",
    "pk": 8,
    "fields": {
        "text": "V7"
    }
},
{
    "model": "b11_1.sparte",
    "pk": 9,
    "fields": {
        "text": "V8"
    }
},
{
    "model": "b11_1.rueckfuehrungscode",
    "pk": 1,
    "fields": {
        "text": "R"
    }
},
{
    "model": "b11_1.rueckfuehrungscode",
    "pk": 2,
    "fields": {
        "text": "N"
    }
},
{
    "model": "b11_1.rueckfuehrungscode",
    "pk": 3,
    "fields": {
        "text": "V"
    }
},
{
    "model": "b11_1.serialnummerprofil",
    "pk": 1,
    "fields": {
        "text": "ZM01"
    }
},
{
    "model": "b11_1.serialnummerprofil",
    "pk": 2,
    "fields": {
        "text": "ZM02"
    }
},
{
    "model": "b11_1.serialnummerprofil",
    "pk": 3,
    "fields": {
        "text": "ZM03"
    }
},
{
    "model": "b11_1.serialnummerprofil",
    "pk": 4,
    "fields": {
        "text": "ZM05"
    }
},
{
    "model": "b11_1.sparepartclasscode",
    "pk": 1,
    "fields": {
        "text": "0"
    }
},
{
    "model": "b11_1.sparepartclasscode",
    "pk": 2,
    "fields": {
        "text": "1"
    }
},
{
    "model": "b11_1.sparepartclasscode",
    "pk": 3,
    "fields": {
        "text": "2"
    }
},
{
    "model": "b11_1.sparepartclasscode",
    "pk": 4,
    "fields": {
        "text": "6"
    }
},
{
    "model": "b11_1.uebersetzungsstatus",
    "pk": 1,
    "fields": {
        "text": "P"
    }
},
{
    "model": "b11_1.uebersetzungsstatus",
    "pk": 2,
    "fields": {
        "text": "U"
    }
},
{
    "model": "b11_1.uebersetzungsstatus",
    "pk": 3,
    "fields": {
        "text": "N"
    }
},
{
    "model": "b11_1.gefahrgutkennzeichen",
    "pk": 1,
    "fields": {
        "text": "V01"
    }
},
{
    "model": "b11_1.gefahrgutkennzeichen",
    "pk": 2,
    "fields": {
        "text": "V02"
    }
},
{
    "model": "b11_1.gefahrgutkennzeichen",
    "pk": 3,
    "fields": {
        "text": "V03"
    }
},
{
    "model": "b11_1.werk_1",
    "pk": 1,
    "fields": {
        "text": "0420"
    }
},
{
    "model": "b11_1.werk_1",
    "pk": 2,
    "fields": {
        "text": "0430"
    }
},
{
    "model": "b11_1.werk_1",
    "pk": 3,
    "fields": {
        "text": "0440"
    }
},
{
    "model": "b11_1.werk_1",
    "pk": 4,
    "fields": {
        "text": "0800"
    }
},
{
    "model": "b11_1.werk_2",
    "pk": 1,
    "fields": {
        "text": "0420"
    }
},
{
    "model": "b11_1.werk_2",
    "pk": 2,
    "fields": {
        "text": "0430"
    }
},
{
    "model": "b11_1.werk_2",
    "pk": 3,
    "fields": {
        "text": "0440"
    }
},
{
    "model": "b11_1.werk_2",
    "pk": 4,
    "fields": {
        "text": "0800"
    }
},
{
    "model": "b11_1.werk_3",
    "pk": 1,
    "fields": {
        "text": "0420"
    }
},
{
    "model": "b11_1.werk_3",
    "pk": 2,
    "fields": {
        "text": "0430"
    }
},
{
    "model": "b11_1.werk_3",
    "pk": 3,
    "fields": {
        "text": "0440"
    }
},
{
    "model": "b11_1.werk_3",
    "pk": 4,
    "fields": {
        "text": "0800"
    }
},
{
    "model": "b11_1.werk_4",
    "pk": 1,
    "fields": {
        "text": "0420"
    }
},
{
    "model": "b11_1.werk_4",
    "pk": 2,
    "fields": {
        "text": "0430"
    }
},
{
    "model": "b11_1.werk_4",
    "pk": 3,
    "fields": {
        "text": "0440"
    }
},
{
    "model": "b11_1.werk_4",
    "pk": 4,
    "fields": {
        "text": "0800"
    }
},
{
    "model": "b11_1.allgemeinepositionstypengruppe",
    "pk": 1,
    "fields": {
        "text": "ALEN"
    }
},
{
    "model": "b11_1.allgemeinepositionstypengruppe",
    "pk": 2,
    "fields": {
        "text": "ALES"
    }
},
{
    "model": "b11_1.allgemeinepositionstypengruppe",
    "pk": 3,
    "fields": {
        "text": "BADS"
    }
},
{
    "model": "b11_1.allgemeinepositionstypengruppe",
    "pk": 4,
    "fields": {
        "text": "BANC"
    }
},
{
    "model": "b11_1.allgemeinepositionstypengruppe",
    "pk": 5,
    "fields": {
        "text": "BANS"
    }
},
{
    "model": "b11_1.allgemeinepositionstypengruppe",
    "pk": 6,
    "fields": {
        "text": "DIEN"
    }
},
{
    "model": "b11_1.allgemeinepositionstypengruppe",
    "pk": 7,
    "fields": {
        "text": "ERLA"
    }
},
{
    "model": "b11_1.allgemeinepositionstypengruppe",
    "pk": 8,
    "fields": {
        "text": "ERLB"
    }
},
{
    "model": "b11_1.allgemeinepositionstypengruppe",
    "pk": 9,
    "fields": {
        "text": "GG01"
    }
},
{
    "model": "b11_1.allgemeinepositionstypengruppe",
    "pk": 10,
    "fields": {
        "text": "GG02"
    }
},
{
    "model": "b11_1.allgemeinepositionstypengruppe",
    "pk": 11,
    "fields": {
        "text": "GG04"
    }
},
{
    "model": "b11_1.allgemeinepositionstypengruppe",
    "pk": 12,
    "fields": {
        "text": "GG05"
    }
},
{
    "model": "b11_1.allgemeinepositionstypengruppe",
    "pk": 13,
    "fields": {
        "text": "LEAS"
    }
},
{
    "model": "b11_1.allgemeinepositionstypengruppe",
    "pk": 14,
    "fields": {
        "text": "LEER"
    }
},
{
    "model": "b11_1.allgemeinepositionstypengruppe",
    "pk": 15,
    "fields": {
        "text": "LEIC"
    }
},
{
    "model": "b11_1.allgemeinepositionstypengruppe",
    "pk": 16,
    "fields": {
        "text": "LEIH"
    }
},
{
    "model": "b11_1.allgemeinepositionstypengruppe",
    "pk": 17,
    "fields": {
        "text": "LEIS"
    }
},
{
    "model": "b11_1.allgemeinepositionstypengruppe",
    "pk": 18,
    "fields": {
        "text": "LO01"
    }
},
{
    "model": "b11_1.allgemeinepositionstypengruppe",
    "pk": 19,
    "fields": {
        "text": "LO02"
    }
},
{
    "model": "b11_1.allgemeinepositionstypengruppe",
    "pk": 20,
    "fields": {
        "text": "LO03"
    }
},
{
    "model": "b11_1.allgemeinepositionstypengruppe",
    "pk": 21,
    "fields": {
        "text": "LO04"
    }
},
{
    "model": "b11_1.allgemeinepositionstypengruppe",
    "pk": 22,
    "fields": {
        "text": "LO06"
    }
},
{
    "model": "b11_1.allgemeinepositionstypengruppe",
    "pk": 23,
    "fields": {
        "text": "LO08"
    }
},
{
    "model": "b11_1.allgemeinepositionstypengruppe",
    "pk": 24,
    "fields": {
        "text": "LO09"
    }
},
{
    "model": "b11_1.allgemeinepositionstypengruppe",
    "pk": 25,
    "fields": {
        "text": "LO11"
    }
},
{
    "model": "b11_1.allgemeinepositionstypengruppe",
    "pk": 26,
    "fields": {
        "text": "LO12"
    }
},
{
    "model": "b11_1.allgemeinepositionstypengruppe",
    "pk": 27,
    "fields": {
        "text": "LO13"
    }
},
{
    "model": "b11_1.allgemeinepositionstypengruppe",
    "pk": 28,
    "fields": {
        "text": "LO14"
    }
},
{
    "model": "b11_1.allgemeinepositionstypengruppe",
    "pk": 29,
    "fields": {
        "text": "LO16"
    }
},
{
    "model": "b11_1.allgemeinepositionstypengruppe",
    "pk": 30,
    "fields": {
        "text": "LO18"
    }
},
{
    "model": "b11_1.allgemeinepositionstypengruppe",
    "pk": 31,
    "fields": {
        "text": "LO19"
    }
},
{
    "model": "b11_1.allgemeinepositionstypengruppe",
    "pk": 32,
    "fields": {
        "text": "LUMB"
    }
},
{
    "model": "b11_1.allgemeinepositionstypengruppe",
    "pk": 33,
    "fields": {
        "text": "LUMF"
    }
},
{
    "model": "b11_1.allgemeinepositionstypengruppe",
    "pk": 34,
    "fields": {
        "text": "NLAG"
    }
},
{
    "model": "b11_1.allgemeinepositionstypengruppe",
    "pk": 35,
    "fields": {
        "text": "NORM"
    }
},
{
    "model": "b11_1.allgemeinepositionstypengruppe",
    "pk": 36,
    "fields": {
        "text": "PBOS"
    }
},
{
    "model": "b11_1.allgemeinepositionstypengruppe",
    "pk": 37,
    "fields": {
        "text": "PRRP"
    }
},
{
    "model": "b11_1.allgemeinepositionstypengruppe",
    "pk": 38,
    "fields": {
        "text": "PRSR"
    }
},
{
    "model": "b11_1.allgemeinepositionstypengruppe",
    "pk": 39,
    "fields": {
        "text": "PRSV"
    }
},
{
    "model": "b11_1.allgemeinepositionstypengruppe",
    "pk": 40,
    "fields": {
        "text": "SAMM"
    }
},
{
    "model": "b11_1.allgemeinepositionstypengruppe",
    "pk": 41,
    "fields": {
        "text": "SCNP"
    }
},
{
    "model": "b11_1.allgemeinepositionstypengruppe",
    "pk": 42,
    "fields": {
        "text": "SRVE"
    }
},
{
    "model": "b11_1.allgemeinepositionstypengruppe",
    "pk": 43,
    "fields": {
        "text": "SRVM"
    }
},
{
    "model": "b11_1.allgemeinepositionstypengruppe",
    "pk": 44,
    "fields": {
        "text": "SRVP"
    }
},
{
    "model": "b11_1.allgemeinepositionstypengruppe",
    "pk": 45,
    "fields": {
        "text": "VCIT"
    }
},
{
    "model": "b11_1.allgemeinepositionstypengruppe",
    "pk": 46,
    "fields": {
        "text": "VERP"
    }
},
{
    "model": "b11_1.allgemeinepositionstypengruppe",
    "pk": 47,
    "fields": {
        "text": "VMS0"
    }
},
{
    "model": "b11_1.allgemeinepositionstypengruppe",
    "pk": 48,
    "fields": {
        "text": "VOLL"
    }
},
{
    "model": "b11_1.allgemeinepositionstypengruppe",
    "pk": 49,
    "fields": {
        "text": "WERT"
    }
},
{
    "model": "b11_1.allgemeinepositionstypengruppe",
    "pk": 50,
    "fields": {
        "text": "WMPP"
    }
},
{
    "model": "b11_1.allgemeinepositionstypengruppe",
    "pk": 51,
    "fields": {
        "text": "ZUOC"
    }
},
{
    "model": "b11_1.allgemeinepositionstypengruppe",
    "pk": 52,
    "fields": {
        "text": "ZVER"
    }
},
{
    "model": "b11_1.vertriebsweg",
    "pk": 1,
    "fields": {
        "text": "A1"
    }
},
{
    "model": "b11_1.vertriebsweg",
    "pk": 2,
    "fields": {
        "text": "A2"
    }
},
{
    "model": "b11_1.vertriebsweg",
    "pk": 3,
    "fields": {
        "text": "A3"
    }
},
{
    "model": "b11_1.vertriebsweg",
    "pk": 4,
    "fields": {
        "text": "A4"
    }
},
{
    "model": "b11_1.vertriebsweg",
    "pk": 5,
    "fields": {
        "text": "A5"
    }
},
{
    "model": "b11_1.vertriebsweg",
    "pk": 6,
    "fields": {
        "text": "A6"
    }
},
{
    "model": "b11_1.vertriebsweg",
    "pk": 7,
    "fields": {
        "text": "I1"
    }
},
{
    "model": "b11_1.vertriebsweg",
    "pk": 8,
    "fields": {
        "text": "M1"
    }
},
{
    "model": "b11_1.vertriebsweg",
    "pk": 9,
    "fields": {
        "text": "MP"
    }
},
{
    "model": "b11_1.vertriebsweg",
    "pk": 10,
    "fields": {
        "text": "O1"
    }
},
{
    "model": "b11_1.vertriebsweg",
    "pk": 11,
    "fields": {
        "text": "P1"
    }
},
{
    "model": "b11_1.vertriebsweg",
    "pk": 12,
    "fields": {
        "text": "S1"
    }
},
{
    "model": "b11_1.vertriebsweg",
    "pk": 13,
    "fields": {
        "text": "S2"
    }
},
{
    "model": "b11_1.vertriebsweg",
    "pk": 14,
    "fields": {
        "text": "S3"
    }
},
{
    "model": "b11_1.vertriebsweg",
    "pk": 15,
    "fields": {
        "text": "S4"
    }
},
{
    "model": "b11_1.vertriebsweg",
    "pk": 16,
    "fields": {
        "text": "S5"
    }
},
{
    "model": "b11_1.vertriebsweg",
    "pk": 17,
    "fields": {
        "text": "S7"
    }
},
{
    "model": "b11_1.vertriebsweg",
    "pk": 18,
    "fields": {
        "text": "S8"
    }
},
{
    "model": "b11_1.vertriebsweg",
    "pk": 19,
    "fields": {
        "text": "S9"
    }
},
{
    "model": "b11_1.vertriebsweg",
    "pk": 20,
    "fields": {
        "text": "SM"
    }
},
{
    "model": "b11_1.vertriebsweg",
    "pk": 21,
    "fields": {
        "text": "T1"
    }
},
{
    "model": "b11_1.vertriebsweg",
    "pk": 22,
    "fields": {
        "text": "TA"
    }
},
{
    "model": "b11_1.vertriebsweg",
    "pk": 23,
    "fields": {
        "text": "TB"
    }
},
{
    "model": "b11_1.vertriebsweg",
    "pk": 24,
    "fields": {
        "text": "TC"
    }
},
{
    "model": "b11_1.vertriebsweg",
    "pk": 25,
    "fields": {
        "text": "TD"
    }
},
{
    "model": "b11_1.vertriebsweg",
    "pk": 26,
    "fields": {
        "text": "TE"
    }
},
{
    "model": "b11_1.vertriebsweg",
    "pk": 27,
    "fields": {
        "text": "TL"
    }
},
{
    "model": "b11_1.vertriebsweg",
    "pk": 28,
    "fields": {
        "text": "TM"
    }
},
{
    "model": "b11_1.vertriebsweg",
    "pk": 29,
    "fields": {
        "text": "TO"
    }
},
{
    "model": "b11_1.vertriebsweg",
    "pk": 30,
    "fields": {
        "text": "TQ"
    }
},
{
    "model": "b11_1.vertriebsweg",
    "pk": 31,
    "fields": {
        "text": "TV"
    }
},
{
    "model": "b11_1.vertriebsweg",
    "pk": 32,
    "fields": {
        "text": "TZ"
    }
},
{
    "model": "b11_1.vertriebsweg",
    "pk": 33,
    "fields": {
        "text": "U1"
    }
},
{
    "model": "b11_1.vertriebsweg",
    "pk": 34,
    "fields": {
        "text": "U2"
    }
},
{
    "model": "b11_1.vertriebsweg",
    "pk": 35,
    "fields": {
        "text": "V0"
    }
},
{
    "model": "b11_1.auszeichnungsfeld",
    "pk": 1,
    "fields": {
        "text": "N"
    }
},
{
    "model": "b11_1.auszeichnungsfeld",
    "pk": 2,
    "fields": {
        "text": "R"
    }
},
{
    "model": "b11_1.auszeichnungsfeld",
    "pk": 3,
    "fields": {
        "text": "A"
    }
},
{
    "model": "b11_1.fertigungssteuerer",
    "pk": 1,
    "fields": {
        "text": "S04"
    }
},
{
    "model": "b11_1.fertigungssteuerer",
    "pk": 2,
    "fields": {
        "text": "T01"
    }
},
{
    "model": "b11_1.fertigungssteuerer",
    "pk": 3,
    "fields": {
        "text": "T02"
    }
},
{
    "model": "b11_1.fertigungssteuerer",
    "pk": 4,
    "fields": {
        "text": "T03"
    }
},
{
    "model": "b11_1.fertigungssteuerer",
    "pk": 5,
    "fields": {
        "text": "T04"
    }
},
{
    "model": "b11_1.fertigungssteuerer",
    "pk": 6,
    "fields": {
        "text": "T05"
    }
},
{
    "model": "b11_1.fertigungssteuerer",
    "pk": 7,
    "fields": {
        "text": "T06"
    }
},
{
    "model": "b11_1.fertigungssteuerer",
    "pk": 8,
    "fields": {
        "text": "T07"
    }
},
{
    "model": "b11_1.fertigungssteuerer",
    "pk": 9,
    "fields": {
        "text": "T08"
    }
},
{
    "model": "b11_1.fertigungssteuerer",
    "pk": 10,
    "fields": {
        "text": "T09"
    }
},
{
    "model": "b11_1.fertigungssteuerer",
    "pk": 11,
    "fields": {
        "text": "T10"
    }
},
{
    "model": "b11_1.fertigungssteuerer",
    "pk": 12,
    "fields": {
        "text": "T11"
    }
},
{
    "model": "b11_1.fertigungssteuerer",
    "pk": 13,
    "fields": {
        "text": "T12"
    }
},
{
    "model": "b11_1.fertigungssteuerer",
    "pk": 14,
    "fields": {
        "text": "T13"
    }
},
{
    "model": "b11_1.fertigungssteuerer",
    "pk": 15,
    "fields": {
        "text": "T14"
    }
},
{
    "model": "b11_1.fertigungssteuerer",
    "pk": 16,
    "fields": {
        "text": "TP3"
    }
},
{
    "model": "b11_1.fertigungssteuerer",
    "pk": 17,
    "fields": {
        "text": "TP4"
    }
},
{
    "model": "b11_1.fertigungssteuerer",
    "pk": 18,
    "fields": {
        "text": "TP5"
    }
},
{
    "model": "b11_1.fertigungssteuerer",
    "pk": 19,
    "fields": {
        "text": "TP6"
    }
},
{
    "model": "b11_1.fertigungssteuerer",
    "pk": 20,
    "fields": {
        "text": "TP7"
    }
},
{
    "model": "b11_1.fertigungssteuerer",
    "pk": 21,
    "fields": {
        "text": "U01"
    }
},
{
    "model": "b11_1.fertigungssteuerer",
    "pk": 22,
    "fields": {
        "text": "U02"
    }
},
{
    "model": "b11_1.fertigungssteuerer",
    "pk": 23,
    "fields": {
        "text": "U03"
    }
},
{
    "model": "b11_1.fertigungssteuerer",
    "pk": 24,
    "fields": {
        "text": "U04"
    }
},
{
    "model": "b11_1.fertigungssteuerer",
    "pk": 25,
    "fields": {
        "text": "U05"
    }
},
{
    "model": "b11_1.fertigungssteuerer",
    "pk": 26,
    "fields": {
        "text": "U06"
    }
},
{
    "model": "b11_1.fertigungssteuerer",
    "pk": 27,
    "fields": {
        "text": "U07"
    }
},
{
    "model": "b11_1.fertigungssteuerer",
    "pk": 28,
    "fields": {
        "text": "U08"
    }
},
{
    "model": "b11_1.fertigungssteuerer",
    "pk": 29,
    "fields": {
        "text": "U09"
    }
},
{
    "model": "b11_1.fertigungssteuerer",
    "pk": 30,
    "fields": {
        "text": "URD"
    }
},
{
    "model": "b11_1.fertigungssteuerer",
    "pk": 31,
    "fields": {
        "text": "T15"
    }
},
{
    "model": "b11_1.fertigungssteuerer",
    "pk": 32,
    "fields": {
        "text": "T16"
    }
},
{
    "model": "b11_1.fertigungssteuerer",
    "pk": 33,
    "fields": {
        "text": "T17"
    }
},
{
    "model": "b11_1.fertigungssteuerer",
    "pk": 34,
    "fields": {
        "text": "T18"
    }
},
{
    "model": "b11_1.fertigungssteuerer",
    "pk": 35,
    "fields": {
        "text": "T8A"
    }
},
{
    "model": "b11_1.fertigungssteuerer",
    "pk": 36,
    "fields": {
        "text": "TP1"
    }
},
{
    "model": "b11_1.fertigungssteuerer",
    "pk": 37,
    "fields": {
        "text": "TP2"
    }
},
{
    "model": "b11_1.fertigungssteuerer",
    "pk": 38,
    "fields": {
        "text": "TW1"
    }
},
{
    "model": "b11_1.sonderablauf",
    "pk": 1,
    "fields": {
        "text": "M"
    }
},
{
    "model": "b11_1.sonderablauf",
    "pk": 2,
    "fields": {
        "text": "N"
    }
},
{
    "model": "b11_1.temperaturbedingung",
    "pk": 1,
    "fields": {
        "text": "00"
    }
},
{
    "model": "b11_1.temperaturbedingung",
    "pk": 2,
    "fields": {
        "text": "01"
    }
},
{
    "model": "b11_1.temperaturbedingung",
    "pk": 3,
    "fields": {
        "text": "02"
    }
},
{
    "model": "b11_1.temperaturbedingung",
    "pk": 4,
    "fields": {
        "text": "03"
    }
},
{
    "model": "b11_1.temperaturbedingung",
    "pk": 5,
    "fields": {
        "text": "04"
    }
},
{
    "model": "b11_1.bewertungsklasse",
    "pk": 1,
    "fields": {
        "text": "A000"
    }
},
{
    "model": "b11_1.bewertungsklasse",
    "pk": 2,
    "fields": {
        "text": "A100"
    }
},
{
    "model": "b11_1.bewertungsklasse",
    "pk": 3,
    "fields": {
        "text": "M100"
    }
},
{
    "model": "b11_1.bewertungsklasse",
    "pk": 4,
    "fields": {
        "text": "M110"
    }
},
{
    "model": "b11_1.bewertungsklasse",
    "pk": 5,
    "fields": {
        "text": "M120"
    }
},
{
    "model": "b11_1.bewertungsklasse",
    "pk": 6,
    "fields": {
        "text": "M130"
    }
},
{
    "model": "b11_1.bewertungsklasse",
    "pk": 7,
    "fields": {
        "text": "M131"
    }
},
{
    "model": "b11_1.bewertungsklasse",
    "pk": 8,
    "fields": {
        "text": "M140"
    }
},
{
    "model": "b11_1.bewertungsklasse",
    "pk": 9,
    "fields": {
        "text": "M141"
    }
},
{
    "model": "b11_1.bewertungsklasse",
    "pk": 10,
    "fields": {
        "text": "M150"
    }
},
{
    "model": "b11_1.bewertungsklasse",
    "pk": 11,
    "fields": {
        "text": "M200"
    }
},
{
    "model": "b11_1.bewertungsklasse",
    "pk": 12,
    "fields": {
        "text": "M210"
    }
},
{
    "model": "b11_1.bewertungsklasse",
    "pk": 13,
    "fields": {
        "text": "M220"
    }
},
{
    "model": "b11_1.bewertungsklasse",
    "pk": 14,
    "fields": {
        "text": "M230"
    }
},
{
    "model": "b11_1.bewertungsklasse",
    "pk": 15,
    "fields": {
        "text": "M240"
    }
},
{
    "model": "b11_1.bewertungsklasse",
    "pk": 16,
    "fields": {
        "text": "M250"
    }
},
{
    "model": "b11_1.bewertungsklasse",
    "pk": 17,
    "fields": {
        "text": "M260"
    }
},
{
    "model": "b11_1.bewertungsklasse",
    "pk": 18,
    "fields": {
        "text": "M290"
    }
},
{
    "model": "b11_1.bewertungsklasse",
    "pk": 19,
    "fields": {
        "text": "M300"
    }
},
{
    "model": "b11_1.bewertungsklasse",
    "pk": 20,
    "fields": {
        "text": "M310"
    }
},
{
    "model": "b11_1.bewertungsklasse",
    "pk": 21,
    "fields": {
        "text": "M320"
    }
},
{
    "model": "b11_1.bewertungsklasse",
    "pk": 22,
    "fields": {
        "text": "M330"
    }
},
{
    "model": "b11_1.bewertungsklasse",
    "pk": 23,
    "fields": {
        "text": "M340"
    }
},
{
    "model": "b11_1.bewertungsklasse",
    "pk": 24,
    "fields": {
        "text": "M400"
    }
},
{
    "model": "b11_1.bewertungsklasse",
    "pk": 25,
    "fields": {
        "text": "M700"
    }
},
{
    "model": "b11_1.bewertungsklasse",
    "pk": 26,
    "fields": {
        "text": "M710"
    }
},
{
    "model": "b11_1.bewertungsklasse",
    "pk": 27,
    "fields": {
        "text": "M720"
    }
},
{
    "model": "b11_1.bewertungsklasse",
    "pk": 28,
    "fields": {
        "text": "M800"
    }
},
{
    "model": "b11_1.bewertungsklasse",
    "pk": 29,
    "fields": {
        "text": "M810"
    }
},
{
    "model": "b11_1.bewertungsklasse",
    "pk": 30,
    "fields": {
        "text": "M900"
    }
},
{
    "model": "b11_1.bewertungsklasse",
    "pk": 31,
    "fields": {
        "text": "M910"
    }
},
{
    "model": "b11_1.zuteilung",
    "pk": 1,
    "fields": {
        "text": "BM"
    }
},
{
    "model": "b11_1.zuteilung",
    "pk": 2,
    "fields": {
        "text": "TRP"
    }
},
{
    "model": "b11_1.zuteilung",
    "pk": 3,
    "fields": {
        "text": "MKZ"
    }
},
{
    "model": "b11_1.zuteilung",
    "pk": 4,
    "fields": {
        "text": "PRD"
    }
},
{
    "model": "b11_1.auspraegung",
    "pk": 1,
    "fields": {
        "text": "01"
    }
},
{
    "model": "b11_1.auspraegung",
    "pk": 2,
    "fields": {
        "text": "02"
    }
},
{
    "model": "b11_1.auspraegung",
    "pk": 3,
    "fields": {
        "text": "03"
    }
},
{
    "model": "b11_1.auspraegung",
    "pk": 4,
    "fields": {
        "text": "04"
    }
},
{
    "model": "b11_1.material",
    "pk": 1,
    "fields": {
        "hersteller": null,
        "is_transferred": false,
        "transfer_date": null,
        "positions_nr": 78,
        "kurztext_de": "m81w8",
        "kurztext_fr": "CYjNT",
        "kurztext_en": "jRmmH",
        "grunddatentext_de_1_zeile": "tu55T",
        "grunddatentext_de_2_zeile": "pFeJv",
        "grunddatentext_fr_1_zeile": "ukWZD",
        "grunddatentext_fr_2_zeile": "nxFyE",
        "grunddatentext_en_1_zeile": "pJB1D",
        "grunddatentext_en_2_zeile": "8SUCf",
        "basismengeneinheit": 16,
        "gewichtseinheit": "KG",
        "nettogewicht": 7,
        "groesse_abmessung": 15,
        "ean_upc_code": "MQ2zoxsevBqVa",
        "nato_stock_number": "zvSj4eSwgpYEvIAY",
        "nsn_gruppe_klasse": "52",
        "nato_versorgungs_nr": "52",
        "herstellerteilenummer": "wlRgtMe7Hk6d",
        "normbezeichnung": "iVhWVEkcCmQg1Mf44D",
        "gefahrgutkennzeichen": 3,
        "bruttogewicht": "15",
        "instandsetzbar": false,
        "chargenpflicht": true,
        "bestellmengeneinheit": 79,
        "mindestbestellmenge": 40,
        "lieferzeit": 77,
        "einheit_l_b_h": "MM",
        "laenge": 28,
        "breite": 97,
        "hoehe": 29,
        "preis": 32,
        "waehrung": "CH",
        "preiseinheit": 43,
        "lagerfaehigkeit": 24,
        "exportkontrollauflage": true,
        "cage_code": "fCtWu",
        "hersteller_name": "PavqIA1m5JfE8YBykQihHofJ9gDDdUDAs5LlQ86Z",
        "hersteller_adresse": "ntdZT6RpIIIXLT6GQWg42v6qc7hYxhkUfGc4oCr7",
        "hersteller_plz": 2574,
        "hersteller_ort": "1s8fo1LmNOByBZ59d06AhkKvQRzveiNxJMQxYudJ",
        "revision": "UPtYspB4Yj7dWHKOGBrtm795I691d5",
        "bemerkung": "wUvIJ0derNTU29scDSVKmSBsFIKtTeDOgT6Y5t2I",
        "begru": 6,
        "materialart_grunddaten": 12,
        "sparte": 6,
        "produkthierarchie": "KJRT",
        "materialzustandsverwaltung": "1",
        "rueckfuehrungscode": 3,
        "serialnummerprofil": 1,
        "spare_part_class_code": 3,
        "hersteller_nr_gp": "mbPenMlaBs",
        "warengruppe": "vGjGF6Oew",
        "uebersetzungsstatus": 1,
        "endbevorratet": "cHxSX",
        "revision_fremd": "NcMg65SvLM",
        "revision_eigen": "fx24RFebga",
        "zertifiziert_fuer_flug": false,
        "a_nummer": "82KWqrxDke",
        "verteilung_an_psd": false,
        "verteilung_an_ruag": true,
        "werk_1": 2,
        "werk_2": 3,
        "werk_3": 1,
        "werk_4": 4,
        "allgemeine_positionstypengruppe": 44,
        "verkaufsorg": "M100",
        "vertriebsweg": 21,
        "fuehrendes_material": "",
        "auszeichnungsfeld": 2,
        "fertigungssteuerer": 28,
        "kennzeichen_komplexes_system": true,
        "sonderablauf": 1,
        "cpv_code": "09221000-4",
        "temperaturbedingung": 4,
        "bewertungsklasse": 26,
        "systemmanager": "7KHfdu8NU5",
        "kennziffer_bamf": "55G",
        "mietrelevanz": false,
        "next_higher_assembly": "FwEV1Be98d",
        "nachschubklasse": "awks6KJtRD",
        "verteilung_apm_kerda": false,
        "verteilung_svsaa": false,
        "verteilung_cheops": true,
        "zuteilung": 4,
        "auspraegung": 1
    }
},
{
    "model": "b11_1.material",
    "pk": 2,
    "fields": {
        "hersteller": null,
        "is_transferred": false,
        "transfer_date": null,
        "positions_nr": 99,
        "kurztext_de": "Bfivb",
        "kurztext_fr": "PVE6f",
        "kurztext_en": "uaQJM",
        "grunddatentext_de_1_zeile": "bylES",
        "grunddatentext_de_2_zeile": "Ju889",
        "grunddatentext_fr_1_zeile": "RE4xE",
        "grunddatentext_fr_2_zeile": "03RPD",
        "grunddatentext_en_1_zeile": "DlEjz",
        "grunddatentext_en_2_zeile": "JZx1k",
        "basismengeneinheit": 1,
        "gewichtseinheit": "KG",
        "nettogewicht": 68,
        "groesse_abmessung": 32,
        "ean_upc_code": "RlFZePKYbC9UA",
        "nato_stock_number": "bwLjPfyeR7r3LcZw",
        "nsn_gruppe_klasse": "41",
        "nato_versorgungs_nr": "75",
        "herstellerteilenummer": "LdplYsGMqRr5",
        "normbezeichnung": "2aLVM6tlSfITK6p1Mx",
        "gefahrgutkennzeichen": 2,
        "bruttogewicht": "3",
        "instandsetzbar": false,
        "chargenpflicht": false,
        "bestellmengeneinheit": 37,
        "mindestbestellmenge": 95,
        "lieferzeit": 72,
        "einheit_l_b_h": "MM",
        "laenge": 59,
        "breite": 78,
        "hoehe": 70,
        "preis": 63,
        "waehrung": "CH",
        "preiseinheit": 5,
        "lagerfaehigkeit": 19,
        "exportkontrollauflage": true,
        "cage_code": "V6eNp",
        "hersteller_name": "C4MAH1o2jCPQkaC7Vb6iztdNzDr0T6Nln5GcKg0g",
        "hersteller_adresse": "yX9llOVUjPw2eEsKIEhrAgJuOGrVZ1lYglwGHQtW",
        "hersteller_plz": 3316,
        "hersteller_ort": "9Yxhqn7BcZ5tT04LerrQHYl4cKPBEjgYnTexcJam",
        "revision": "N4FgtNlKtJfgNQYO5HBAKCsVIEuN7u",
        "bemerkung": "jTeOGGSWbw7Od9EV5ajT5P5P6qqxI7OxaP7FtjIb",
        "begru": 2,
        "materialart_grunddaten": 1,
        "sparte": 1,
        "produkthierarchie": "SI9W",
        "materialzustandsverwaltung": "2",
        "rueckfuehrungscode": 2,
        "serialnummerprofil": 2,
        "spare_part_class_code": 4,
        "hersteller_nr_gp": "t9uUWrTUj9",
        "warengruppe": "oXDOfNmGy",
        "uebersetzungsstatus": 3,
        "endbevorratet": "ZAp11",
        "revision_fremd": "vFLXEwLfyr",
        "revision_eigen": "qnXZQsrKSd",
        "zertifiziert_fuer_flug": false,
        "a_nummer": "1RDGCGwimX",
        "verteilung_an_psd": true,
        "verteilung_an_ruag": false,
        "werk_1": 2,
        "werk_2": 3,
        "werk_3": 4,
        "werk_4": 4,
        "allgemeine_positionstypengruppe": 49,
        "verkaufsorg": "M100",
        "vertriebsweg": 21,
        "fuehrendes_material": "",
        "auszeichnungsfeld": 3,
        "fertigungssteuerer": 35,
        "kennzeichen_komplexes_system": true,
        "sonderablauf": 1,
        "cpv_code": "09221000-4",
        "temperaturbedingung": 4,
        "bewertungsklasse": 10,
        "systemmanager": "WSaUuI2fRs",
        "kennziffer_bamf": "55G",
        "mietrelevanz": true,
        "next_higher_assembly": "hdG0rIIRNN",
        "nachschubklasse": "2ZfLeQF8my",
        "verteilung_apm_kerda": false,
        "verteilung_svsaa": false,
        "verteilung_cheops": true,
        "zuteilung": 4,
        "auspraegung": 2
    }
},
{
    "model": "b11_1.material",
    "pk": 3,
    "fields": {
        "hersteller": null,
        "is_transferred": false,
        "transfer_date": null,
        "positions_nr": 15,
        "kurztext_de": "VXDrR",
        "kurztext_fr": "ecKxH",
        "kurztext_en": "Pxn8b",
        "grunddatentext_de_1_zeile": "VGPJC",
        "grunddatentext_de_2_zeile": "HPUHe",
        "grunddatentext_fr_1_zeile": "bwnMp",
        "grunddatentext_fr_2_zeile": "DkHn5",
        "grunddatentext_en_1_zeile": "WpqIr",
        "grunddatentext_en_2_zeile": "fDCNM",
        "basismengeneinheit": 21,
        "gewichtseinheit": "KG",
        "nettogewicht": 69,
        "groesse_abmessung": 13,
        "ean_upc_code": "eYtdp0aAHQFIi",
        "nato_stock_number": "feC7OoIqaWy76GWJ",
        "nsn_gruppe_klasse": "58",
        "nato_versorgungs_nr": "15",
        "herstellerteilenummer": "0MrtD0avvoPG",
        "normbezeichnung": "9OQTP1yXt5rN7lk9zM",
        "gefahrgutkennzeichen": 1,
        "bruttogewicht": "98",
        "instandsetzbar": false,
        "chargenpflicht": true,
        "bestellmengeneinheit": 80,
        "mindestbestellmenge": 46,
        "lieferzeit": 29,
        "einheit_l_b_h": "MM",
        "laenge": 19,
        "breite": 73,
        "hoehe": 62,
        "preis": 71,
        "waehrung": "CH",
        "preiseinheit": 19,
        "lagerfaehigkeit": 75,
        "exportkontrollauflage": true,
        "cage_code": "TtubD",
        "hersteller_name": "h4R6uDuv3Q6h0HoxJPmtD7y4r1UjMf3aqCsmHoEr",
        "hersteller_adresse": "y13sQRbS6Skg8Bx8Zx4TLuCTLkN4NTZI4SLRCoSL",
        "hersteller_plz": 2771,
        "hersteller_ort": "25CVeM0oth6OhIkiHY2lYPIGoObDn9BUY9enMGPg",
        "revision": "X2kwFJXI1uskk9GZd6T8V3vpf3SLS3",
        "bemerkung": "Nkf4psg41EAXv6ssV3gyURnZ3Ae3FsPoRBoj3JC7",
        "begru": 3,
        "materialart_grunddaten": 8,
        "sparte": 6,
        "produkthierarchie": "O2mb",
        "materialzustandsverwaltung": "1",
        "rueckfuehrungscode": 2,
        "serialnummerprofil": 4,
        "spare_part_class_code": 2,
        "hersteller_nr_gp": "PQufyySXRv",
        "warengruppe": "h1IIGH8rC",
        "uebersetzungsstatus": 1,
        "endbevorratet": "tIAqC",
        "revision_fremd": "jZ1ZYUDEvO",
        "revision_eigen": "eX0GN6Wrsj",
        "zertifiziert_fuer_flug": true,
        "a_nummer": "5jcd2YhDBV",
        "verteilung_an_psd": false,
        "verteilung_an_ruag": true,
        "werk_1": 1,
        "werk_2": 4,
        "werk_3": 2,
        "werk_4": 3,
        "allgemeine_positionstypengruppe": 25,
        "verkaufsorg": "M100",
        "vertriebsweg": 6,
        "fuehrendes_material": "",
        "auszeichnungsfeld": 1,
        "fertigungssteuerer": 7,
        "kennzeichen_komplexes_system": false,
        "sonderablauf": 1,
        "cpv_code": "09221000-4",
        "temperaturbedingung": 2,
        "bewertungsklasse": 25,
        "systemmanager": "63He2rqwRU",
        "kennziffer_bamf": "55G",
        "mietrelevanz": false,
        "next_higher_assembly": "bZ4OA7UC7m",
        "nachschubklasse": "Sq5RF3qqxn",
        "verteilung_apm_kerda": true,
        "verteilung_svsaa": true,
        "verteilung_cheops": false,
        "zuteilung": 3,
        "auspraegung": 4
    }
},
{
    "model": "b11_1.material",
    "pk": 4,
    "fields": {
        "hersteller": null,
        "is_transferred": false,
        "transfer_date": null,
        "positions_nr": 79,
        "kurztext_de": "IAyTw",
        "kurztext_fr": "MYXoH",
        "kurztext_en": "spQZ5",
        "grunddatentext_de_1_zeile": "ewKYs",
        "grunddatentext_de_2_zeile": "cth1J",
        "grunddatentext_fr_1_zeile": "SVfTe",
        "grunddatentext_fr_2_zeile": "Q2xxw",
        "grunddatentext_en_1_zeile": "0Xxuu",
        "grunddatentext_en_2_zeile": "Qtmdf",
        "basismengeneinheit": 1,
        "gewichtseinheit": "KG",
        "nettogewicht": 86,
        "groesse_abmessung": 20,
        "ean_upc_code": "ouimj2JJrNkz5",
        "nato_stock_number": "D2MyxWbtiHMUaKzp",
        "nsn_gruppe_klasse": "85",
        "nato_versorgungs_nr": "43",
        "herstellerteilenummer": "TwZRPxOdoYY1",
        "normbezeichnung": "P9q1oJPl0WeS1BmDrs",
        "gefahrgutkennzeichen": 1,
        "bruttogewicht": "21",
        "instandsetzbar": true,
        "chargenpflicht": true,
        "bestellmengeneinheit": 73,
        "mindestbestellmenge": 57,
        "lieferzeit": 42,
        "einheit_l_b_h": "MM",
        "laenge": 71,
        "breite": 39,
        "hoehe": 94,
        "preis": 37,
        "waehrung": "CH",
        "preiseinheit": 71,
        "lagerfaehigkeit": 70,
        "exportkontrollauflage": false,
        "cage_code": "izq3V",
        "hersteller_name": "vvfVpJU7uhSMdGxO2wgjqepKD7wjQpge9IKyAOdP",
        "hersteller_adresse": "MI5hbKM9DQUFtWiPWkcVvBNU318jEY8FJrFvqbKB",
        "hersteller_plz": 2780,
        "hersteller_ort": "XJqvlGKGQt4JQpoKTdJVJFpfNhy1N7tZ06jlRY0u",
        "revision": "jGAykXrAuzInR97adLuUgcmaMhOtsg",
        "bemerkung": "Dv1hF38BIsOEKbYtciJH2mhZhfbub4unoRPvUVnL",
        "begru": 3,
        "materialart_grunddaten": 9,
        "sparte": 6,
        "produkthierarchie": "w7Ei",
        "materialzustandsverwaltung": "1",
        "rueckfuehrungscode": 1,
        "serialnummerprofil": 1,
        "spare_part_class_code": 3,
        "hersteller_nr_gp": "R8TGMLm9HY",
        "warengruppe": "SJpWx3tsa",
        "uebersetzungsstatus": 2,
        "endbevorratet": "BlpVj",
        "revision_fremd": "DhCpxMLCYc",
        "revision_eigen": "5VdXN40LLp",
        "zertifiziert_fuer_flug": true,
        "a_nummer": "Eo2JsFIcMb",
        "verteilung_an_psd": false,
        "verteilung_an_ruag": false,
        "werk_1": 2,
        "werk_2": 3,
        "werk_3": 2,
        "werk_4": 2,
        "allgemeine_positionstypengruppe": 43,
        "verkaufsorg": "M100",
        "vertriebsweg": 28,
        "fuehrendes_material": "",
        "auszeichnungsfeld": 3,
        "fertigungssteuerer": 10,
        "kennzeichen_komplexes_system": false,
        "sonderablauf": 2,
        "cpv_code": "09221000-4",
        "temperaturbedingung": 1,
        "bewertungsklasse": 17,
        "systemmanager": "B0uBXDWwYV",
        "kennziffer_bamf": "55G",
        "mietrelevanz": true,
        "next_higher_assembly": "igS6oM1YPr",
        "nachschubklasse": "nvkkwxBZiY",
        "verteilung_apm_kerda": true,
        "verteilung_svsaa": true,
        "verteilung_cheops": true,
        "zuteilung": 1,
        "auspraegung": 1
    }
},
{
    "model": "b11_1.material",
    "pk": 5,
    "fields": {
        "hersteller": null,
        "is_transferred": false,
        "transfer_date": null,
        "positions_nr": 65,
        "kurztext_de": "Ushgq",
        "kurztext_fr": "YsSq6",
        "kurztext_en": "TEKZ5",
        "grunddatentext_de_1_zeile": "PDNRd",
        "grunddatentext_de_2_zeile": "LPtYb",
        "grunddatentext_fr_1_zeile": "1wX5y",
        "grunddatentext_fr_2_zeile": "C9zka",
        "grunddatentext_en_1_zeile": "nOD4Q",
        "grunddatentext_en_2_zeile": "DZDdX",
        "basismengeneinheit": 17,
        "gewichtseinheit": "KG",
        "nettogewicht": 4,
        "groesse_abmessung": 87,
        "ean_upc_code": "KTGKML2HSdyhl",
        "nato_stock_number": "AOSOGGB8wEq0bbo9",
        "nsn_gruppe_klasse": "85",
        "nato_versorgungs_nr": "80",
        "herstellerteilenummer": "CZG6k3g8DvX0",
        "normbezeichnung": "WLJxHeS2Fc0lKqJiMF",
        "gefahrgutkennzeichen": 2,
        "bruttogewicht": "39",
        "instandsetzbar": true,
        "chargenpflicht": false,
        "bestellmengeneinheit": 43,
        "mindestbestellmenge": 88,
        "lieferzeit": 76,
        "einheit_l_b_h": "MM",
        "laenge": 90,
        "breite": 14,
        "hoehe": 73,
        "preis": 8,
        "waehrung": "CH",
        "preiseinheit": 17,
        "lagerfaehigkeit": 56,
        "exportkontrollauflage": false,
        "cage_code": "aOs5y",
        "hersteller_name": "5CPyEevcRSWDiYJLiVeJssjDm4nudLYgZwcIGZwp",
        "hersteller_adresse": "TWa3oujFnjRJHoZOPIsnx3CeOQ9hAXVpcyFakJRz",
        "hersteller_plz": 2722,
        "hersteller_ort": "qAQoJ35v90j8wNJHP93EeoCFZWK2ra27sFjC6YZc",
        "revision": "Gm2Y7WCLq9vzJivLBfOkYFcq68N54b",
        "bemerkung": "nLcJ9WF7PwY50i4sQnXn7l5xHnyatAiUGq56DDY1",
        "begru": 2,
        "materialart_grunddaten": 14,
        "sparte": 7,
        "produkthierarchie": "mU11",
        "materialzustandsverwaltung": "1",
        "rueckfuehrungscode": 3,
        "serialnummerprofil": 4,
        "spare_part_class_code": 3,
        "hersteller_nr_gp": "0UFpfoXEwU",
        "warengruppe": "7HBeKyRBn",
        "uebersetzungsstatus": 3,
        "endbevorratet": "NLeeZ",
        "revision_fremd": "PbnFv5Tuyh",
        "revision_eigen": "eKHeFHKmHU",
        "zertifiziert_fuer_flug": true,
        "a_nummer": "N5oSlL86ea",
        "verteilung_an_psd": true,
        "verteilung_an_ruag": false,
        "werk_1": 2,
        "werk_2": 2,
        "werk_3": 1,
        "werk_4": 4,
        "allgemeine_positionstypengruppe": 14,
        "verkaufsorg": "M100",
        "vertriebsweg": 22,
        "fuehrendes_material": "",
        "auszeichnungsfeld": 1,
        "fertigungssteuerer": 27,
        "kennzeichen_komplexes_system": true,
        "sonderablauf": 2,
        "cpv_code": "09221000-4",
        "temperaturbedingung": 4,
        "bewertungsklasse": 19,
        "systemmanager": "RwKmqyfm5U",
        "kennziffer_bamf": "55G",
        "mietrelevanz": false,
        "next_higher_assembly": "pRcOSNOFKF",
        "nachschubklasse": "oswa8UtHgk",
        "verteilung_apm_kerda": true,
        "verteilung_svsaa": true,
        "verteilung_cheops": false,
        "zuteilung": 2,
        "auspraegung": 2
    }
},
{
    "model": "b11_1.material",
    "pk": 6,
    "fields": {
        "hersteller": null,
        "is_transferred": false,
        "transfer_date": null,
        "positions_nr": 25,
        "kurztext_de": "6xlAO",
        "kurztext_fr": "udWC7",
        "kurztext_en": "b29xr",
        "grunddatentext_de_1_zeile": "5QWLm",
        "grunddatentext_de_2_zeile": "34bjW",
        "grunddatentext_fr_1_zeile": "h1jPI",
        "grunddatentext_fr_2_zeile": "DDIPY",
        "grunddatentext_en_1_zeile": "KALBt",
        "grunddatentext_en_2_zeile": "sVFf5",
        "basismengeneinheit": 20,
        "gewichtseinheit": "KG",
        "nettogewicht": 83,
        "groesse_abmessung": 93,
        "ean_upc_code": "cMOQbt4S5vlfH",
        "nato_stock_number": "A8UafoogAqmobG7g",
        "nsn_gruppe_klasse": "93",
        "nato_versorgungs_nr": "88",
        "herstellerteilenummer": "TclOIYs3NSnW",
        "normbezeichnung": "lvnvwABHhoqIhoP7V6",
        "gefahrgutkennzeichen": 3,
        "bruttogewicht": "25",
        "instandsetzbar": true,
        "chargenpflicht": false,
        "bestellmengeneinheit": 70,
        "mindestbestellmenge": 16,
        "lieferzeit": 7,
        "einheit_l_b_h": "MM",
        "laenge": 43,
        "breite": 16,
        "hoehe": 46,
        "preis": 5,
        "waehrung": "CH",
        "preiseinheit": 97,
        "lagerfaehigkeit": 94,
        "exportkontrollauflage": true,
        "cage_code": "2fcnH",
        "hersteller_name": "y41H4Y4qzpgmOML2dFteHNbP6dvfCRGjEu99wnsl",
        "hersteller_adresse": "vP5J6Q2rPM7juPYQPfqQqtR1Jj082Wmq8NHPj8Uk",
        "hersteller_plz": 1506,
        "hersteller_ort": "fo2317uurcHAYbGVmqprRqFLxy22IkUZT1X2gKKV",
        "revision": "GTIWme3iADOMnR4CVi2qI8VgoClLEj",
        "bemerkung": "yVH8i739aIP1phvhLJTsyC9OKfliSrEwr9XyrRE9",
        "begru": 6,
        "materialart_grunddaten": 4,
        "sparte": 1,
        "produkthierarchie": "YHis",
        "materialzustandsverwaltung": "1",
        "rueckfuehrungscode": 3,
        "serialnummerprofil": 4,
        "spare_part_class_code": 4,
        "hersteller_nr_gp": "kqinb7X4j7",
        "warengruppe": "wtDhYLj2m",
        "uebersetzungsstatus": 2,
        "endbevorratet": "V7fCx",
        "revision_fremd": "kPLHVG19sX",
        "revision_eigen": "UtsRVAuxYb",
        "zertifiziert_fuer_flug": true,
        "a_nummer": "p1IvYlJ1SN",
        "verteilung_an_psd": true,
        "verteilung_an_ruag": false,
        "werk_1": 4,
        "werk_2": 3,
        "werk_3": 2,
        "werk_4": 4,
        "allgemeine_positionstypengruppe": 44,
        "verkaufsorg": "M100",
        "vertriebsweg": 23,
        "fuehrendes_material": "",
        "auszeichnungsfeld": 2,
        "fertigungssteuerer": 10,
        "kennzeichen_komplexes_system": true,
        "sonderablauf": 1,
        "cpv_code": "09221000-4",
        "temperaturbedingung": 4,
        "bewertungsklasse": 25,
        "systemmanager": "3L16Eo9SLi",
        "kennziffer_bamf": "55G",
        "mietrelevanz": true,
        "next_higher_assembly": "mFxgYDr4an",
        "nachschubklasse": "eXSDAs2GEq",
        "verteilung_apm_kerda": false,
        "verteilung_svsaa": true,
        "verteilung_cheops": true,
        "zuteilung": 4,
        "auspraegung": 1
    }
},
{
    "model": "b11_1.material",
    "pk": 7,
    "fields": {
        "hersteller": null,
        "is_transferred": false,
        "transfer_date": null,
        "positions_nr": 26,
        "kurztext_de": "RyJVt",
        "kurztext_fr": "4agPl",
        "kurztext_en": "qujTP",
        "grunddatentext_de_1_zeile": "ohiqy",
        "grunddatentext_de_2_zeile": "OkqcF",
        "grunddatentext_fr_1_zeile": "xPaHp",
        "grunddatentext_fr_2_zeile": "G5xRo",
        "grunddatentext_en_1_zeile": "6Vfzs",
        "grunddatentext_en_2_zeile": "gH6g8",
        "basismengeneinheit": 19,
        "gewichtseinheit": "KG",
        "nettogewicht": 22,
        "groesse_abmessung": 64,
        "ean_upc_code": "OxaGEe1eln3FU",
        "nato_stock_number": "7WErmejFtmxoyuSk",
        "nsn_gruppe_klasse": "56",
        "nato_versorgungs_nr": "54",
        "herstellerteilenummer": "UCOwpmKuPGps",
        "normbezeichnung": "ZJpKr2AysHX9JvYVwX",
        "gefahrgutkennzeichen": 3,
        "bruttogewicht": "45",
        "instandsetzbar": true,
        "chargenpflicht": false,
        "bestellmengeneinheit": 6,
        "mindestbestellmenge": 8,
        "lieferzeit": 40,
        "einheit_l_b_h": "MM",
        "laenge": 16,
        "breite": 43,
        "hoehe": 58,
        "preis": 72,
        "waehrung": "CH",
        "preiseinheit": 27,
        "lagerfaehigkeit": 5,
        "exportkontrollauflage": false,
        "cage_code": "xyrHW",
        "hersteller_name": "rIRsBgbV1EymCnVxC2TDtpFEufgGup5DGnrQmjOs",
        "hersteller_adresse": "sTvxwIgJcrLlF5teNU2xOCqknWn3sQIkn7MLSPWM",
        "hersteller_plz": 1024,
        "hersteller_ort": "xPMKwiwZ2bTAt5KDSuDslbyagu7EfqQUN36BcXpo",
        "revision": "38uKhTsdybELSqjN3gLlKnVFIiWk2R",
        "bemerkung": "J5bwtCIx3nBR09g1Aj71Bho1jbfT1Wmm2DxO2mS9",
        "begru": 2,
        "materialart_grunddaten": 3,
        "sparte": 9,
        "produkthierarchie": "gKEs",
        "materialzustandsverwaltung": "1",
        "rueckfuehrungscode": 2,
        "serialnummerprofil": 4,
        "spare_part_class_code": 2,
        "hersteller_nr_gp": "XbG3FMl7lF",
        "warengruppe": "PUk91vyhi",
        "uebersetzungsstatus": 3,
        "endbevorratet": "xlT9R",
        "revision_fremd": "YhWEreuBRn",
        "revision_eigen": "VBjnjcGfzi",
        "zertifiziert_fuer_flug": false,
        "a_nummer": "C4nmt2259g",
        "verteilung_an_psd": false,
        "verteilung_an_ruag": true,
        "werk_1": 2,
        "werk_2": 1,
        "werk_3": 1,
        "werk_4": 4,
        "allgemeine_positionstypengruppe": 41,
        "verkaufsorg": "M100",
        "vertriebsweg": 28,
        "fuehrendes_material": "",
        "auszeichnungsfeld": 3,
        "fertigungssteuerer": 4,
        "kennzeichen_komplexes_system": true,
        "sonderablauf": 2,
        "cpv_code": "09221000-4",
        "temperaturbedingung": 1,
        "bewertungsklasse": 6,
        "systemmanager": "ygSv8oRIWk",
        "kennziffer_bamf": "55G",
        "mietrelevanz": false,
        "next_higher_assembly": "nKhReDAtgC",
        "nachschubklasse": "twRXvlTVUO",
        "verteilung_apm_kerda": true,
        "verteilung_svsaa": false,
        "verteilung_cheops": true,
        "zuteilung": 3,
        "auspraegung": 1
    }
},
{
    "model": "b11_1.material",
    "pk": 8,
    "fields": {
        "hersteller": null,
        "is_transferred": false,
        "transfer_date": null,
        "positions_nr": 40,
        "kurztext_de": "qz6Uo",
        "kurztext_fr": "vN1Fx",
        "kurztext_en": "hmbDM",
        "grunddatentext_de_1_zeile": "fFSaV",
        "grunddatentext_de_2_zeile": "Lv9Ys",
        "grunddatentext_fr_1_zeile": "T20Jd",
        "grunddatentext_fr_2_zeile": "PLaHY",
        "grunddatentext_en_1_zeile": "oibMm",
        "grunddatentext_en_2_zeile": "wpRry",
        "basismengeneinheit": 26,
        "gewichtseinheit": "KG",
        "nettogewicht": 26,
        "groesse_abmessung": 26,
        "ean_upc_code": "PS1jREsfDRbW8",
        "nato_stock_number": "OknlAG1Am5TtXNEg",
        "nsn_gruppe_klasse": "36",
        "nato_versorgungs_nr": "6",
        "herstellerteilenummer": "Y9tFY7MK1nSO",
        "normbezeichnung": "RuLYCZnqsk656FjaAB",
        "gefahrgutkennzeichen": 1,
        "bruttogewicht": "18",
        "instandsetzbar": true,
        "chargenpflicht": false,
        "bestellmengeneinheit": 67,
        "mindestbestellmenge": 85,
        "lieferzeit": 87,
        "einheit_l_b_h": "MM",
        "laenge": 45,
        "breite": 44,
        "hoehe": 36,
        "preis": 33,
        "waehrung": "CH",
        "preiseinheit": 91,
        "lagerfaehigkeit": 89,
        "exportkontrollauflage": true,
        "cage_code": "PU3Sa",
        "hersteller_name": "PFPifKZ3QwhQxwSbGCQDUQbFWafRwGYnUIZomprN",
        "hersteller_adresse": "rVu1xvJvvj8VNVYG1JaFUC3QuV5RDMdYS92IKEFB",
        "hersteller_plz": 3224,
        "hersteller_ort": "ZuhI7UNPjvCZNEHtvA6DZNvhjWgAczDufPZH37v5",
        "revision": "tsFuL8smjSpsCaJXt6S2M7nE7wMQKw",
        "bemerkung": "UlPNaTAVwbVbVq9l8lmurCXtNqagklZQL8ksgfuQ",
        "begru": 4,
        "materialart_grunddaten": 17,
        "sparte": 9,
        "produkthierarchie": "aukW",
        "materialzustandsverwaltung": "1",
        "rueckfuehrungscode": 2,
        "serialnummerprofil": 1,
        "spare_part_class_code": 1,
        "hersteller_nr_gp": "hbQVWkg59f",
        "warengruppe": "JxknMJr0Z",
        "uebersetzungsstatus": 1,
        "endbevorratet": "Kcobz",
        "revision_fremd": "4Ww6UjPTYm",
        "revision_eigen": "1pC2M2B87h",
        "zertifiziert_fuer_flug": false,
        "a_nummer": "wKC24lJFPI",
        "verteilung_an_psd": false,
        "verteilung_an_ruag": false,
        "werk_1": 4,
        "werk_2": 1,
        "werk_3": 3,
        "werk_4": 3,
        "allgemeine_positionstypengruppe": 37,
        "verkaufsorg": "M100",
        "vertriebsweg": 14,
        "fuehrendes_material": "",
        "auszeichnungsfeld": 2,
        "fertigungssteuerer": 16,
        "kennzeichen_komplexes_system": true,
        "sonderablauf": 2,
        "cpv_code": "09221000-4",
        "temperaturbedingung": 4,
        "bewertungsklasse": 6,
        "systemmanager": "VNUMG5Sf5M",
        "kennziffer_bamf": "55G",
        "mietrelevanz": true,
        "next_higher_assembly": "Bvj4RuTEDC",
        "nachschubklasse": "YQPqqV6YQX",
        "verteilung_apm_kerda": true,
        "verteilung_svsaa": false,
        "verteilung_cheops": true,
        "zuteilung": 4,
        "auspraegung": 1
    }
},
{
    "model": "b11_1.material",
    "pk": 9,
    "fields": {
        "hersteller": null,
        "is_transferred": false,
        "transfer_date": null,
        "positions_nr": 63,
        "kurztext_de": "9E14p",
        "kurztext_fr": "Xb4Ff",
        "kurztext_en": "eqIgh",
        "grunddatentext_de_1_zeile": "QV5ro",
        "grunddatentext_de_2_zeile": "38jo3",
        "grunddatentext_fr_1_zeile": "kjbMe",
        "grunddatentext_fr_2_zeile": "QMkLt",
        "grunddatentext_en_1_zeile": "kPalh",
        "grunddatentext_en_2_zeile": "mPJYV",
        "basismengeneinheit": 24,
        "gewichtseinheit": "KG",
        "nettogewicht": 80,
        "groesse_abmessung": 76,
        "ean_upc_code": "rjnShixZ2HR72",
        "nato_stock_number": "XvheF0qIhEmdKtFx",
        "nsn_gruppe_klasse": "100",
        "nato_versorgungs_nr": "64",
        "herstellerteilenummer": "M2cbvuKzVJqf",
        "normbezeichnung": "Sh8kGhqgKZWwWXir7A",
        "gefahrgutkennzeichen": 1,
        "bruttogewicht": "91",
        "instandsetzbar": true,
        "chargenpflicht": true,
        "bestellmengeneinheit": 43,
        "mindestbestellmenge": 95,
        "lieferzeit": 53,
        "einheit_l_b_h": "MM",
        "laenge": 61,
        "breite": 35,
        "hoehe": 67,
        "preis": 22,
        "waehrung": "CH",
        "preiseinheit": 21,
        "lagerfaehigkeit": 28,
        "exportkontrollauflage": true,
        "cage_code": "pcWHd",
        "hersteller_name": "ldA4NCrh5ps33pGUu9LB1yEK1EC335fUDXX3NCIb",
        "hersteller_adresse": "PT0FXoGEsjdsxbSolyBAXHnnPvYQJ28xfbdjEYNP",
        "hersteller_plz": 2907,
        "hersteller_ort": "uTkMnnKqEZJ7Iu6gNu1NTVp05kku4ZeohiLYF56b",
        "revision": "mknPEic8ZQZEnHgm9kNTxPyl7AQeap",
        "bemerkung": "eqDRh70rI4VY2QwnrNjDM0t9xjNxNFNsPkUPY340",
        "begru": 1,
        "materialart_grunddaten": 15,
        "sparte": 8,
        "produkthierarchie": "35E1",
        "materialzustandsverwaltung": "2",
        "rueckfuehrungscode": 3,
        "serialnummerprofil": 2,
        "spare_part_class_code": 4,
        "hersteller_nr_gp": "WvT3UvjPsy",
        "warengruppe": "mrqrTZzdm",
        "uebersetzungsstatus": 1,
        "endbevorratet": "kuyer",
        "revision_fremd": "H9lCAZl7QE",
        "revision_eigen": "DTtDcW3iFw",
        "zertifiziert_fuer_flug": true,
        "a_nummer": "JiTrffwmRU",
        "verteilung_an_psd": true,
        "verteilung_an_ruag": true,
        "werk_1": 2,
        "werk_2": 2,
        "werk_3": 1,
        "werk_4": 4,
        "allgemeine_positionstypengruppe": 22,
        "verkaufsorg": "M100",
        "vertriebsweg": 17,
        "fuehrendes_material": "",
        "auszeichnungsfeld": 2,
        "fertigungssteuerer": 32,
        "kennzeichen_komplexes_system": true,
        "sonderablauf": 1,
        "cpv_code": "09221000-4",
        "temperaturbedingung": 4,
        "bewertungsklasse": 3,
        "systemmanager": "IPaVFNQRj8",
        "kennziffer_bamf": "55G",
        "mietrelevanz": true,
        "next_higher_assembly": "kQd91AcDrG",
        "nachschubklasse": "a5EqP8J1Tv",
        "verteilung_apm_kerda": false,
        "verteilung_svsaa": true,
        "verteilung_cheops": true,
        "zuteilung": 3,
        "auspraegung": 3
    }
},
{
    "model": "b11_1.material",
    "pk": 10,
    "fields": {
        "hersteller": null,
        "is_transferred": false,
        "transfer_date": null,
        "positions_nr": 47,
        "kurztext_de": "GpPJp",
        "kurztext_fr": "saA3a",
        "kurztext_en": "1XNtf",
        "grunddatentext_de_1_zeile": "pT9vo",
        "grunddatentext_de_2_zeile": "tFmNI",
        "grunddatentext_fr_1_zeile": "noYv1",
        "grunddatentext_fr_2_zeile": "Hn7SR",
        "grunddatentext_en_1_zeile": "nVEIO",
        "grunddatentext_en_2_zeile": "B2yAZ",
        "basismengeneinheit": 18,
        "gewichtseinheit": "KG",
        "nettogewicht": 3,
        "groesse_abmessung": 44,
        "ean_upc_code": "lqUxOADw7vsFE",
        "nato_stock_number": "H3X9JNUXLR9p48EM",
        "nsn_gruppe_klasse": "51",
        "nato_versorgungs_nr": "91",
        "herstellerteilenummer": "OKiJNdvRLVwD",
        "normbezeichnung": "AjdKFfDPgt77nnsMgy",
        "gefahrgutkennzeichen": 2,
        "bruttogewicht": "54",
        "instandsetzbar": true,
        "chargenpflicht": true,
        "bestellmengeneinheit": 46,
        "mindestbestellmenge": 39,
        "lieferzeit": 71,
        "einheit_l_b_h": "MM",
        "laenge": 54,
        "breite": 64,
        "hoehe": 7,
        "preis": 90,
        "waehrung": "CH",
        "preiseinheit": 51,
        "lagerfaehigkeit": 17,
        "exportkontrollauflage": true,
        "cage_code": "c3aFk",
        "hersteller_name": "gJblw0e1CO8EAEfmAy1Vu664Tcw3LAdjH6F0F6D8",
        "hersteller_adresse": "BpT2jewraMPRq1nHLzozbo6lRPWVJN7Gge03FahS",
        "hersteller_plz": 1202,
        "hersteller_ort": "GzrtdYXMd8ZwcE3u6NbOQBGSxeaPH6SNeYZVYRUC",
        "revision": "NQlV8L7QaNBUrOvJlEb9TiO5k58T48",
        "bemerkung": "7cnnQ4thOnr9uYqNYzJSBIsWP4MQKYhXRH33Mlwi",
        "begru": 5,
        "materialart_grunddaten": 9,
        "sparte": 7,
        "produkthierarchie": "tgFi",
        "materialzustandsverwaltung": "1",
        "rueckfuehrungscode": 1,
        "serialnummerprofil": 2,
        "spare_part_class_code": 2,
        "hersteller_nr_gp": "BXBuVOeOfs",
        "warengruppe": "WxxB5ApAH",
        "uebersetzungsstatus": 2,
        "endbevorratet": "u4aRE",
        "revision_fremd": "yu3lJLScKZ",
        "revision_eigen": "cD7tQHb99E",
        "zertifiziert_fuer_flug": false,
        "a_nummer": "UiwMBpyXg3",
        "verteilung_an_psd": true,
        "verteilung_an_ruag": false,
        "werk_1": 2,
        "werk_2": 2,
        "werk_3": 1,
        "werk_4": 1,
        "allgemeine_positionstypengruppe": 48,
        "verkaufsorg": "M100",
        "vertriebsweg": 11,
        "fuehrendes_material": "",
        "auszeichnungsfeld": 2,
        "fertigungssteuerer": 33,
        "kennzeichen_komplexes_system": false,
        "sonderablauf": 2,
        "cpv_code": "09221000-4",
        "temperaturbedingung": 1,
        "bewertungsklasse": 19,
        "systemmanager": "Vw7aqdRdEI",
        "kennziffer_bamf": "55G",
        "mietrelevanz": true,
        "next_higher_assembly": "A26fZEGJgy",
        "nachschubklasse": "tWsU9mfiUt",
        "verteilung_apm_kerda": false,
        "verteilung_svsaa": true,
        "verteilung_cheops": true,
        "zuteilung": 1,
        "auspraegung": 1
    }
}
]
